Country_Name,Country_Code,Indicator_Name,Indicator_Code,2000,2001,2002,2003,2004,2005,2006,2007,2008,2009,2010,2011,2012,2013,2014,2015,2016,2017,2018,2019,2020,2021,2022
Aruba,ABW,GDP (current US$),NY.GDP.MKTP.CD,1873184358.0,1896648045.0,1962011173.0,2044134078.0,2254748603.0,2359776536.0,2469832402.0,2677653631.0,2843016760.0,2553631285.0,2453631285.0,2637988827.0,2615083799.0,2727932961.0,2791061453.0,2963128492.0,2983798883.0,3092178771.0,3276187709.0,3395793855.0,2610038939.0,3126019385.0,
Africa Eastern and Southern,AFE,GDP (current US$),NY.GDP.MKTP.CD,284759000000.0,259643000000.0,266529000000.0,354177000000.0,440482000000.0,513942000000.0,577587000000.0,662868000000.0,710536000000.0,721901000000.0,863520000000.0,967825000000.0,975355000000.0,985987000000.0,1006530000000.0,927348000000.0,885176000000.0,1021040000000.0,1007200000000.0,1000830000000.0,927593000000.0,1082000000000.0,1169480000000.0
Afghanistan,AFG,GDP (current US$),NY.GDP.MKTP.CD,,,3854235264.0,4539496563.0,5220825049.0,6226198935.0,6971383339.0,9715765105.0,10249770319.0,12154835708.0,15633843662.0,18190413832.0,20203572960.0,20564485419.0,20550582747.0,19998143636.0,18019554403.0,18896353156.0,18418860354.0,18904502222.0,20143451706.0,14583135237.0,
Africa Western and Central,AFW,GDP (current US$),NY.GDP.MKTP.CD,140946000000.0,148530000000.0,177201000000.0,205214000000.0,254265000000.0,310890000000.0,396921000000.0,465486000000.0,567791000000.0,508363000000.0,598522000000.0,682016000000.0,737589000000.0,833948000000.0,894322000000.0,768645000000.0,691363000000.0,684899000000.0,767026000000.0,822538000000.0,786460000000.0,844460000000.0,877863000000.0
Angola,AGO,GDP (current US$),NY.GDP.MKTP.CD,9129594819.0,8936079253.0,15285592487.0,17812704626.0,23552057820.0,36970901025.0,52381025105.0,65266415707.0,88538664888.0,70307196477.0,81699526881.0,109437000000.0,124998000000.0,133402000000.0,137244000000.0,87219300385.0,49840491178.0,68972769396.0,77792944472.0,69309110146.0,50241368244.0,65685435100.0,106714000000.0
Albania,ALB,GDP (current US$),NY.GDP.MKTP.CD,3480355258.0,3922100794.0,4348068242.0,5611496257.0,7184685782.0,8052077209.0,8896074996.0,10677324873.0,12881352878.0,12044205572.0,11926926654.0,12890760273.0,12319834233.0,12776224537.0,13228147516.0,11386853143.0,11861199831.0,13019726212.0,15156424062.0,15401826081.0,15162734205.0,17930565119.0,18882095518.0
Andorra,AND,GDP (current US$),NY.GDP.MKTP.CD,1429048106.0,1546912332.0,1755989899.0,2361635782.0,2895047587.0,3159826892.0,3456265062.0,3952397735.0,4085781939.0,3674188229.0,3449925739.0,3629133575.0,3188652765.0,3193512950.0,3271685597.0,2789881259.0,2896610480.0,3000162081.0,3218419897.0,3155149348.0,2891001149.0,3325145407.0,3352032737.0
Arab World,ARB,GDP (current US$),NY.GDP.MKTP.CD,820186000000.0,802881000000.0,807962000000.0,893818000000.0,1062740000000.0,1304400000000.0,1545540000000.0,1797930000000.0,2263030000000.0,1987050000000.0,2334640000000.0,2555980000000.0,2801700000000.0,2859670000000.0,2905730000000.0,2554160000000.0,2537540000000.0,2637110000000.0,2843480000000.0,2868890000000.0,2533380000000.0,2928460000000.0,3557560000000.0
United Arab Emirates,ARE,GDP (current US$),NY.GDP.MKTP.CD,104337000000.0,103312000000.0,109816000000.0,124346000000.0,147824000000.0,180617000000.0,222117000000.0,257916000000.0,315475000000.0,253547000000.0,289787000000.0,350666000000.0,384610000000.0,400219000000.0,414105000000.0,370275000000.0,369255000000.0,390517000000.0,427049000000.0,417990000000.0,349473000000.0,415022000000.0,507535000000.0
Argentina,ARG,GDP (current US$),NY.GDP.MKTP.CD,284204000000.0,268697000000.0,97724004252.0,127587000000.0,164658000000.0,198737000000.0,232557000000.0,287531000000.0,361558000000.0,332976000000.0,423627000000.0,530158000000.0,545982000000.0,552025000000.0,526320000000.0,594749000000.0,557532000000.0,643628000000.0,524820000000.0,447755000000.0,385540000000.0,487227000000.0,632770000000.0
Armenia,ARM,GDP (current US$),NY.GDP.MKTP.CD,1911563669.0,2118467913.0,2376335048.0,2807061009.0,3576615240.0,4900469515.0,6384452071.0,9206301264.0,11662040704.0,8647937091.0,9260285762.0,10142111812.0,10619320693.0,11121464430.0,11609513241.0,10553337528.0,10546136240.0,11527458713.0,12457940705.0,13619290546.0,12641698594.0,13861409969.0,19502783988.0
American Samoa,ASM,GDP (current US$),NY.GDP.MKTP.CD,,,512000000.0,524000000.0,509000000.0,500000000.0,493000000.0,518000000.0,560000000.0,675000000.0,573000000.0,570000000.0,640000000.0,638000000.0,643000000.0,673000000.0,671000000.0,612000000.0,639000000.0,647000000.0,716000000.0,709000000.0,
Antigua and Barbuda,ATG,GDP (current US$),NY.GDP.MKTP.CD,826370370.4,800481481.5,814381481.5,856396296.3,919729629.6,1022962963.0,1157662963.0,1312759259.0,1370070370.0,1228329630.0,1148700000.0,1137637037.0,1199948148.0,1181448148.0,1249733333.0,1336692593.0,1436585185.0,1467955556.0,1604770370.0,1675403704.0,1416348148.0,1560518519.0,1757603704.0
Australia,AUS,GDP (current US$),NY.GDP.MKTP.CD,415845000000.0,379358000000.0,395573000000.0,467498000000.0,614326000000.0,695305000000.0,747907000000.0,854427000000.0,1055690000000.0,928630000000.0,1148570000000.0,1398460000000.0,1546950000000.0,1576330000000.0,1467590000000.0,1350580000000.0,1206560000000.0,1326470000000.0,1428270000000.0,1392220000000.0,1326940000000.0,1552700000000.0,1675420000000.0
Austria,AUT,GDP (current US$),NY.GDP.MKTP.CD,197290000000.0,197509000000.0,214395000000.0,262274000000.0,301458000000.0,316092000000.0,336280000000.0,389186000000.0,432052000000.0,401759000000.0,392275000000.0,431685000000.0,409402000000.0,430191000000.0,442585000000.0,381971000000.0,395837000000.0,417261000000.0,454991000000.0,444621000000.0,435225000000.0,480368000000.0,471400000000.0
Azerbaijan,AZE,GDP (current US$),NY.GDP.MKTP.CD,5272617196.0,5707618247.0,6236086669.0,7276413079.0,8680410158.0,13245421881.0,20981929498.0,33049426816.0,48851318826.0,44292408817.0,52909294792.0,65952763949.0,69679913510.0,74160553009.0,75239737489.0,53076244755.0,37867007023.0,40866632048.0,47112479289.0,48174235294.0,42693000000.0,54825411765.0,78721058824.0
Burundi,BDI,GDP (current US$),NY.GDP.MKTP.CD,870486065.9,876794723.1,825394519.7,784654423.6,915257323.4,1117113080.0,1273375078.0,1356199387.0,1611835857.0,1781455140.0,2032135191.0,2235820809.0,2333341334.0,2451606632.0,2705783330.0,3104003546.0,2644487777.0,2723586962.0,2667182199.0,2576518879.0,2649680261.0,2775798697.0,3073414678.0
Belgium,BEL,GDP (current US$),NY.GDP.MKTP.CD,236792000000.0,236746000000.0,258384000000.0,318083000000.0,369215000000.0,385715000000.0,408260000000.0,470922000000.0,517328000000.0,483254000000.0,481421000000.0,523330000000.0,496153000000.0,521791000000.0,535390000000.0,462336000000.0,476063000000.0,502765000000.0,543299000000.0,535866000000.0,525213000000.0,594352000000.0,578604000000.0
Benin,BEN,GDP (current US$),NY.GDP.MKTP.CD,3519991440.0,3666222634.0,4194342689.0,5349258093.0,6190270377.0,6567654959.0,7034111316.0,8169048375.0,9787734517.0,9738626510.0,9535345011.0,10693321370.0,11141358106.0,12517845128.0,13284527850.0,11388160997.0,11821065852.0,12701655846.0,14262408080.0,14391686309.0,15651545209.0,17690083520.0,17401746309.0
Burkina Faso,BFA,GDP (current US$),NY.GDP.MKTP.CD,2968370087.0,3190371080.0,3622350066.0,4740768141.0,5451688535.0,6146353177.0,6547419822.0,7625722829.0,9451435481.0,9450696866.0,10109619736.0,12080295985.0,12561015145.0,13444300490.0,13943016080.0,11832159316.0,12833363044.0,14106955625.0,15890066210.0,16178161666.0,17933606213.0,19737616003.0,18884619613.0
Bangladesh,BGD,GDP (current US$),NY.GDP.MKTP.CD,53369787319.0,53991289844.0,54724081491.0,60158929188.0,65108544250.0,69442943089.0,71819083684.0,79611888213.0,91631278239.0,102478000000.0,115279000000.0,128638000000.0,133356000000.0,149991000000.0,172885000000.0,195079000000.0,265236000000.0,293755000000.0,321379000000.0,351238000000.0,373902000000.0,416265000000.0,460201000000.0
Bulgaria,BGR,GDP (current US$),NY.GDP.MKTP.CD,13245990274.0,14183443862.0,16403043850.0,21144962058.0,26157744753.0,29868651533.0,34380543845.0,44432811756.0,54480697770.0,52023813558.0,50754203891.0,57735709914.0,54290156342.0,55844245264.0,57159557805.0,50828088836.0,53987487124.0,59343060706.0,66399602077.0,68911930628.0,70404359049.0,84061395658.0,89040398406.0
Bahrain,BHR,GDP (current US$),NY.GDP.MKTP.CD,9062898936.0,8976196809.0,9593510638.0,11074813830.0,13150159574.0,15968723404.0,18504760638.0,21730000000.0,25710904255.0,22938218085.0,25713271277.0,28776595745.0,30749308511.0,32539468085.0,33387712766.0,31050638298.0,32234973404.0,35473776596.0,37802005319.0,38653318085.0,34621807713.0,39303403989.0,44390820479.0
"Bahamas, The",BHS,GDP (current US$),NY.GDP.MKTP.CD,8076470000.0,8317830000.0,8881160000.0,8870090000.0,9055290000.0,9836200000.0,10167250000.0,10618340000.0,10526000000.0,9981960000.0,10095760000.0,10070450000.0,10720500000.0,10562800000.0,11176100000.0,11672900000.0,11750800000.0,12253500000.0,12653600000.0,13058700000.0,9754600000.0,11527600000.0,12897400000.0
Bosnia and Herzegovina,BIH,GDP (current US$),NY.GDP.MKTP.CD,5567774049.0,5800616572.0,6728219507.0,8498893358.0,10156541358.0,11222796197.0,12864842269.0,15778737117.0,19112801197.0,17613946109.0,17176320823.0,18644239028.0,17226736285.0,18179104549.0,18558731213.0,16404352156.0,17116926092.0,18326376394.0,20484048416.0,20482603346.0,20226030731.0,23649566069.0,24527507288.0
Belarus,BLR,GDP (current US$),NY.GDP.MKTP.CD,12736856828.0,12354820144.0,14594928109.0,17825437483.0,23141593074.0,30210091837.0,36961822468.0,45275747157.0,60752177439.0,50873181572.0,57231904543.0,61762340943.0,65685903570.0,75527537703.0,78812785768.0,56454895055.0,47723549319.0,54725311690.0,60031163987.0,64410112583.0,61371755326.0,69673747132.0,72793457588.0
Belize,BLZ,GDP (current US$),NY.GDP.MKTP.CD,1116000000.0,1163000000.0,1233000000.0,1298000000.0,1389500000.0,1461500000.0,1581000000.0,1696000000.0,1729000000.0,1680500000.0,1738500000.0,1819500000.0,1903000000.0,2029500000.0,2138000000.0,2210500000.0,2258500000.0,2286000000.0,2315000000.0,2416500000.0,2080000000.0,2491500000.0,2824081836.0
Bermuda,BMU,GDP (current US$),NY.GDP.MKTP.CD,3480219000.0,3680483000.0,3937228000.0,4186525000.0,4484703000.0,4868136000.0,6144000000.0,6767000000.0,6980000000.0,6656000000.0,6634526000.0,6312691000.0,6378188000.0,6465756000.0,6413988000.0,6654541000.0,6899911000.0,7142316000.0,7225977000.0,7423465000.0,6887147000.0,7127200000.0,7550500000.0
Bolivia,BOL,GDP (current US$),NY.GDP.MKTP.CD,8397855937.0,8141517339.0,7905485146.0,8082399991.0,8773451752.0,9549122313.0,11451845379.0,13120107739.0,16674276979.0,17339992194.0,19649724656.0,23963162969.0,27084497482.0,30659338886.0,32996188017.0,33000198249.0,33941126194.0,37508642171.0,40287647931.0,40895322851.0,36629843806.0,40408208524.0,43068885673.0
Brazil,BRA,GDP (current US$),NY.GDP.MKTP.CD,655448000000.0,559984000000.0,509795000000.0,558234000000.0,669289000000.0,891634000000.0,1107630000000.0,1397110000000.0,1695860000000.0,1667000000000.0,2208840000000.0,2616160000000.0,2465230000000.0,2472820000000.0,2456040000000.0,1802210000000.0,1795690000000.0,2063510000000.0,1916930000000.0,1873290000000.0,1476110000000.0,1649620000000.0,1920100000000.0
Barbados,BRB,GDP (current US$),NY.GDP.MKTP.CD,3059500000.0,3054500000.0,3106500000.0,3209500000.0,3444500000.0,3819500000.0,4217450800.0,4674007450.0,4784925100.0,4465657300.0,4529928300.0,4657699450.0,4610096000.0,4677248300.0,4696344350.0,4724691200.0,4832811750.0,4981588900.0,5097283200.0,5324250000.0,4671800000.0,4843800000.0,5637914515.0
Brunei Darussalam,BRN,GDP (current US$),NY.GDP.MKTP.CD,6001280944.0,5601020247.0,5843367180.0,6557395816.0,7872201251.0,9531417164.0,11470462365.0,12247680703.0,14393437610.0,10732592999.0,13707275498.0,18525128230.0,19048443089.0,18094326393.0,17097801092.0,12930292949.0,11400467372.0,12128182464.0,13567164445.0,13469240163.0,12005795915.0,14006497000.0,16681531646.0
Bhutan,BTN,GDP (current US$),NY.GDP.MKTP.CD,424448931.0,461479580.2,520846131.7,603999372.4,682577073.5,796938572.0,874989734.7,1168307575.0,1227809261.0,1234015142.0,1547990907.0,1777102586.0,1781280170.0,1756214304.0,1907090362.0,2003596824.0,2158971718.0,2450366108.0,2446867582.0,2535655609.0,2325185521.0,2539551327.0,
Botswana,BWA,GDP (current US$),NY.GDP.MKTP.CD,5788329609.0,5489608300.0,5438864269.0,7511582173.0,8957467707.0,9918907108.0,9919158482.0,10567270656.0,10730828592.0,10118459714.0,12637273429.0,15110642876.0,13907464500.0,14271738367.0,15470087926.0,13530749290.0,15082636723.0,16105156376.0,17031943186.0,16725908662.0,14960291541.0,18737066307.0,20352322157.0
Central African Republic,CAF,GDP (current US$),NY.GDP.MKTP.CD,916777282.7,932648604.4,996068145.6,1142315522.0,1272360517.0,1337894380.0,1461859763.0,1699811293.0,1993407887.0,2067381664.0,2142591539.0,2437982707.0,2510126510.0,1691544111.0,1894813390.0,1695825714.0,1825018144.0,2072349974.0,2220979145.0,2221301351.0,2326720902.0,2516498412.0,2382618615.0
Canada,CAN,GDP (current US$),NY.GDP.MKTP.CD,744773000000.0,738963000000.0,760649000000.0,895541000000.0,1026690000000.0,1173110000000.0,1319260000000.0,1468820000000.0,1552990000000.0,1374630000000.0,1617340000000.0,1793330000000.0,1828370000000.0,1846600000000.0,1805750000000.0,1556510000000.0,1527990000000.0,1649270000000.0,1725300000000.0,1743730000000.0,1647600000000.0,2001490000000.0,2139840000000.0
Central Europe and the Baltics,CEB,GDP (current US$),NY.GDP.MKTP.CD,428593000000.0,468616000000.0,528074000000.0,634393000000.0,763091000000.0,886072000000.0,1001570000000.0,1265420000000.0,1530540000000.0,1289700000000.0,1316400000000.0,1454560000000.0,1358880000000.0,1417320000000.0,1463550000000.0,1293370000000.0,1316500000000.0,1461220000000.0,1648510000000.0,1674110000000.0,1665360000000.0,1905560000000.0,1946330000000.0
Switzerland,CHE,GDP (current US$),NY.GDP.MKTP.CD,279209000000.0,286580000000.0,309300000000.0,362088000000.0,403914000000.0,418293000000.0,441619000000.0,490755000000.0,567273000000.0,554192000000.0,598851000000.0,715888000000.0,686420000000.0,706235000000.0,726538000000.0,694118000000.0,687895000000.0,695201000000.0,725563000000.0,721369000000.0,739914000000.0,800640000000.0,807706000000.0
Channel Islands,CHI,GDP (current US$),NY.GDP.MKTP.CD,6439703435.0,6232906290.0,6663669065.0,7332244898.0,8553643354.0,8827272727.0,9676172953.0,11514605842.0,,,,,,,,,9511207129.0,9530244530.0,10422948632.0,10381669645.0,9811538462.0,11735662220.0,
Chile,CHL,GDP (current US$),NY.GDP.MKTP.CD,78249883996.0,71517267768.0,70295232513.0,76507853876.0,99079365628.0,122315000000.0,153840000000.0,172566000000.0,179663000000.0,171413000000.0,217105000000.0,251225000000.0,267176000000.0,277239000000.0,259405000000.0,242497000000.0,249299000000.0,276365000000.0,295403000000.0,278493000000.0,254096000000.0,316714000000.0,301025000000.0
China,CHN,GDP (current US$),NY.GDP.MKTP.CD,1211330000000.0,1339400000000.0,1470560000000.0,1660280000000.0,1955350000000.0,2285960000000.0,2752120000000.0,3550330000000.0,4594340000000.0,5101690000000.0,6087190000000.0,7551550000000.0,8532190000000.0,9570470000000.0,10475600000000.0,11061600000000.0,11233300000000.0,12310500000000.0,13894900000000.0,14280000000000.0,14687700000000.0,17820500000000.0,17963200000000.0
Cote d'Ivoire,CIV,GDP (current US$),NY.GDP.MKTP.CD,16577533892.0,16810537038.0,18054383334.0,21251754335.0,23510575669.0,24036918719.0,25281413268.0,28760090924.0,34078240260.0,33886813225.0,34936307964.0,36693710822.0,36302302844.0,42760235496.0,48843005625.0,45815005171.0,48407761032.0,52512344034.0,58522477745.0,59898479821.0,62982768372.0,71811075955.0,70018715017.0
Cameroon,CMR,GDP (current US$),NY.GDP.MKTP.CD,10566579295.0,10953485345.0,12417251342.0,15970315030.0,18826214125.0,19509852219.0,20910512978.0,23928250410.0,27715142006.0,27932970297.0,27507501809.0,30630910513.0,30155062303.0,33728621190.0,36386544716.0,32210233022.0,33814337041.0,36098547059.0,39973842059.0,39670976440.0,40773241212.0,45338285386.0,44341646509.0
"Congo, Dem. Rep.",COD,GDP (current US$),NY.GDP.MKTP.CD,19088046306.0,7438189100.0,8728038525.0,8937567060.0,10297483481.0,11964484458.0,14451901696.0,16737071816.0,19788515579.0,18648372545.0,21565721036.0,25839749199.0,29306235295.0,32679745036.0,35909040944.0,37917706486.0,37134801549.0,38019264805.0,47568210021.0,51775829869.0,48716961865.0,55350968593.0,58065953573.0
"Congo, Rep.",COG,GDP (current US$),NY.GDP.MKTP.CD,3227927697.0,2796704603.0,3034250926.0,3503723087.0,4656974938.0,6650001685.0,8072305031.0,8782703428.0,11649857662.0,9723299908.0,13148396206.0,15655383586.0,17692911281.0,17958720704.0,17912907682.0,11890259177.0,10219341017.0,11094823677.0,13670038020.0,12750338736.0,10483151094.0,13366230821.0,14615532210.0
Colombia,COL,GDP (current US$),NY.GDP.MKTP.CD,99875074935.0,98200641189.0,97945812790.0,94644969146.0,117092000000.0,145601000000.0,161793000000.0,206230000000.0,242504000000.0,232469000000.0,286499000000.0,334966000000.0,370691000000.0,382094000000.0,381241000000.0,293492000000.0,282720000000.0,311867000000.0,334198000000.0,323032000000.0,270151000000.0,318512000000.0,343939000000.0
Comoros,COM,GDP (current US$),NY.GDP.MKTP.CD,351136579.8,378512024.1,425964681.1,546885223.2,633706110.4,653845169.2,698431794.5,795673153.2,915659107.8,905341174.0,907978731.7,1023086273.0,1015843491.0,1116224107.0,1149587660.0,966029599.8,1012835493.0,1077439756.0,1188797450.0,1195019531.0,1225039196.0,1296089479.0,1242519407.0
Cabo Verde,CPV,GDP (current US$),NY.GDP.MKTP.CD,539227277.6,563090488.9,620507385.7,813260468.9,924940012.9,972241682.1,1107571459.0,1649621735.0,1959620653.0,1852334581.0,1824751460.0,2046817975.0,1913081206.0,2028910915.0,2041930125.0,1749857628.0,1849789993.0,1996741545.0,2205099509.0,2266752197.0,1878277311.0,2091741774.0,2314816792.0
Costa Rica,CRI,GDP (current US$),NY.GDP.MKTP.CD,15013629659.0,15976174337.0,16578820687.0,17271760507.0,18610594846.0,20040642477.0,22715540324.0,26884700345.0,30801744881.0,30745714327.0,37658614803.0,42762613706.0,47231655433.0,50949668886.0,52016408924.0,56441920824.0,58847019585.0,60516044623.0,62420164965.0,64417670556.0,62395610764.0,64616482168.0,68380838316.0
Caribbean small states,CSS,GDP (current US$),NY.GDP.MKTP.CD,34533836400.0,35575792426.0,37324429142.0,39887632895.0,43625669538.0,49307227387.0,56074290119.0,62328938789.0,70781391356.0,59840574174.0,64939019150.0,70074558334.0,73844945661.0,75227025826.0,76921753856.0,75480329447.0,70977854237.0,73482494257.0,76247249561.0,77282796216.0,65994922945.0,75672802627.0,92935645973.0
Cuba,CUB,GDP (current US$),NY.GDP.MKTP.CD,30565400000.0,31682400000.0,33590500000.0,35901200000.0,38203000000.0,42643836100.0,48835925926.0,54262870370.0,56302129630.0,57481481481.0,59562962963.0,68990000000.0,73141000000.0,77148000000.0,80656000000.0,87133000000.0,91370000000.0,96851000000.0,100050000000.0,103428000000.0,107352000000.0,,
Curacao,CUW,GDP (current US$),NY.GDP.MKTP.CD,,,,,,,,,,,,2933128492.0,3024525140.0,3039944134.0,3048435754.0,3042737430.0,3014748603.0,3009497207.0,3020388827.0,2995185475.0,2496174749.0,2699612458.0,
Cayman Islands,CYM,GDP (current US$),NY.GDP.MKTP.CD,,,,,,,4200288282.0,4466278031.0,4585948969.0,4281714618.0,4156841164.0,4186073160.0,4291004486.0,4405796081.0,4562853582.0,4708167255.0,4909322200.0,5166281293.0,5530178499.0,5941896600.0,5647224973.0,6028373541.0,
Cyprus,CYP,GDP (current US$),NY.GDP.MKTP.CD,9985844486.0,10397897086.0,11420227885.0,14547325028.0,17320552500.0,18433411267.0,20072786351.0,23968764030.0,27844698989.0,25945391775.0,25799940416.0,27641551809.0,25047433100.0,23959708956.0,23225912183.0,19909269065.0,21046452117.0,22946583376.0,25597301191.0,25945194240.0,25008266159.0,28408064462.0,28439052741.0
Czechia,CZE,GDP (current US$),NY.GDP.MKTP.CD,61823494487.0,67808695574.0,82196206090.0,100090000000.0,119815000000.0,137143000000.0,156264000000.0,190184000000.0,236817000000.0,207434000000.0,209070000000.0,229563000000.0,208858000000.0,211686000000.0,209359000000.0,188033000000.0,196272000000.0,218629000000.0,249001000000.0,252548000000.0,245975000000.0,281791000000.0,290924000000.0
Germany,DEU,GDP (current US$),NY.GDP.MKTP.CD,1947980000000.0,1945790000000.0,2078480000000.0,2501640000000.0,2814350000000.0,2846860000000.0,2994700000000.0,3425580000000.0,3745260000000.0,3411260000000.0,3399670000000.0,3749310000000.0,3527140000000.0,3733800000000.0,3889090000000.0,3357590000000.0,3469850000000.0,3690850000000.0,3974440000000.0,3888230000000.0,3889670000000.0,4259930000000.0,4072190000000.0
Djibouti,DJI,GDP (current US$),NY.GDP.MKTP.CD,551230861.9,572417440.8,591122039.6,622044665.5,666072101.8,708633194.7,768873684.0,847918929.1,999105339.3,1049110685.0,1128611700.0,1239144502.0,1353632942.0,2042817163.0,2214679081.0,2424391785.0,2604955229.0,2762581334.0,2913466732.0,3088853639.0,3181071154.0,3372287462.0,3515109075.0
Dominica,DMA,GDP (current US$),NY.GDP.MKTP.CD,333470370.4,340203703.7,333196296.3,343311111.1,367200000.0,364255555.6,390251851.9,421374074.1,458188888.9,489074074.1,493825925.9,501025925.9,485996296.3,498296296.3,520207407.4,540737037.0,576229629.6,521551851.9,554770370.4,611537037.0,504214814.8,555266666.7,612048148.1
Denmark,DNK,GDP (current US$),NY.GDP.MKTP.CD,164158000000.0,164791000000.0,178635000000.0,218097000000.0,251375000000.0,264467000000.0,282886000000.0,319423000000.0,353359000000.0,321243000000.0,321995000000.0,344003000000.0,327149000000.0,343584000000.0,352994000000.0,302673000000.0,313116000000.0,332121000000.0,356841000000.0,346499000000.0,355222000000.0,398303000000.0,395404000000.0
Dominican Republic,DOM,GDP (current US$),NY.GDP.MKTP.CD,24305781112.0,25601824419.0,27137441266.0,21403168128.0,22322387610.0,35777560475.0,37879829855.0,43965459071.0,48122601590.0,48261079524.0,53860187452.0,58029773802.0,60681535894.0,62682158700.0,67179956265.0,71164826720.0,75704647977.0,79998045976.0,85555390386.0,88941371980.0,78844655833.0,94243426487.0,113642000000.0
Algeria,DZA,GDP (current US$),NY.GDP.MKTP.CD,54790398813.0,54744698044.0,56760355865.0,67863850334.0,85332581189.0,103198000000.0,117027000000.0,134977000000.0,171001000000.0,137211000000.0,161207000000.0,200013000000.0,209059000000.0,209755000000.0,213810000000.0,165979000000.0,160034000000.0,170097000000.0,174911000000.0,171760000000.0,145744000000.0,163472000000.0,191913000000.0
East Asia & Pacific (excluding high income),EAP,GDP (current US$),NY.GDP.MKTP.CD,1734220000000.0,1847020000000.0,2043850000000.0,2311300000000.0,2681920000000.0,3106480000000.0,3740320000000.0,4727370000000.0,5978430000000.0,6483980000000.0,7888960000000.0,9645010000000.0,10758500000000.0,11870600000000.0,12798100000000.0,13326900000000.0,13611800000000.0,14876700000000.0,16639900000000.0,17207100000000.0,17487400000000.0,20837400000000.0,21189300000000.0
Early-demographic dividend,EAR,GDP (current US$),NY.GDP.MKTP.CD,3386370000000.0,3357010000000.0,3264340000000.0,3633100000000.0,4229770000000.0,4931860000000.0,5639660000000.0,6671940000000.0,7524220000000.0,7262370000000.0,8804990000000.0,9724220000000.0,10162400000000.0,10305200000000.0,10661900000000.0,10147500000000.0,10480100000000.0,11335400000000.0,11465100000000.0,11696300000000.0,10909300000000.0,12674200000000.0,14029500000000.0
East Asia & Pacific,EAS,GDP (current US$),NY.GDP.MKTP.CD,8374970000000.0,7788980000000.0,7911870000000.0,8699260000000.0,9756920000000.0,10409500000000.0,11031700000000.0,12326000000000.0,14210900000000.0,14623000000000.0,17066400000000.0,19790700000000.0,21172200000000.0,21410800000000.0,22086200000000.0,21997200000000.0,22772300000000.0,24324900000000.0,26485200000000.0,27024000000000.0,27144900000000.0,31095600000000.0,30655200000000.0
Europe & Central Asia (excluding high income),ECA,GDP (current US$),NY.GDP.MKTP.CD,662866000000.0,655068000000.0,750708000000.0,947224000000.0,1256020000000.0,1589620000000.0,1950110000000.0,2509470000000.0,3110390000000.0,2437810000000.0,2953120000000.0,3670090000000.0,3914680000000.0,4150270000000.0,3845770000000.0,2921690000000.0,2777870000000.0,3118420000000.0,3182910000000.0,3248040000000.0,2990900000000.0,3581680000000.0,4124700000000.0
Europe & Central Asia,ECS,GDP (current US$),NY.GDP.MKTP.CD,10066400000000.0,10167200000000.0,11134400000000.0,13536900000000.0,15777100000000.0,16782500000000.0,18169200000000.0,21230100000000.0,23365400000000.0,20549500000000.0,21022100000000.0,23307900000000.0,22452900000000.0,23456100000000.0,23783800000000.0,20487300000000.0,20419500000000.0,21655200000000.0,23193800000000.0,22910300000000.0,22150000000000.0,25153900000000.0,25192000000000.0
Ecuador,ECU,GDP (current US$),NY.GDP.MKTP.CD,18327764882.0,24468324000.0,28548945000.0,32432858000.0,36591661000.0,41507085000.0,46802044000.0,51007777000.0,61762635000.0,62519686000.0,69555367000.0,79276664000.0,87924544000.0,95129659000.0,101726000000.0,99290381000.0,99937696000.0,104296000000.0,107562000000.0,108108000000.0,99291124000.0,106166000000.0,115049000000.0
"Egypt, Arab Rep.",EGY,GDP (current US$),NY.GDP.MKTP.CD,99838543960.0,96684636119.0,85146067416.0,80288461538.0,78782467532.0,89600665557.0,107426000000.0,130438000000.0,162818000000.0,189147000000.0,218984000000.0,235990000000.0,279117000000.0,288434000000.0,305595000000.0,329367000000.0,332442000000.0,248363000000.0,262589000000.0,318679000000.0,383818000000.0,424672000000.0,476748000000.0
Euro area,EMU,GDP (current US$),NY.GDP.MKTP.CD,6495760000000.0,6596590000000.0,7200160000000.0,8862330000000.0,10160400000000.0,10523500000000.0,11184000000000.0,12879100000000.0,14158300000000.0,12938500000000.0,12641700000000.0,13637900000000.0,12638800000000.0,13196300000000.0,13510100000000.0,11675500000000.0,11973700000000.0,12679700000000.0,13698200000000.0,13418400000000.0,13086100000000.0,14570900000000.0,14040900000000.0
Eritrea,ERI,GDP (current US$),NY.GDP.MKTP.CD,706370815.6,752371683.2,729321671.4,870248293.7,1109054005.0,1098424709.0,1211161880.0,1317974491.0,1380188800.0,1856695551.0,1589515447.0,2065001626.0,,,,,,,,,,,
Spain,ESP,GDP (current US$),NY.GDP.MKTP.CD,598363000000.0,627830000000.0,708757000000.0,907492000000.0,1069060000000.0,1153720000000.0,1260400000000.0,1474000000000.0,1631860000000.0,1491470000000.0,1422110000000.0,1480710000000.0,1324750000000.0,1355580000000.0,1371820000000.0,1196160000000.0,1233550000000.0,1313250000000.0,1421700000000.0,1394320000000.0,1276960000000.0,1427380000000.0,1397510000000.0
Estonia,EST,GDP (current US$),NY.GDP.MKTP.CD,5686579748.0,6254649539.0,7367975888.0,9874013098.0,12145911801.0,14106790200.0,17022870405.0,22449129483.0,24341678629.0,19633031398.0,19523477326.0,23213994093.0,23019150071.0,25115753366.0,26634083965.0,22890762090.0,24072829277.0,26924385103.0,30624720196.0,31081901909.0,31370395573.0,37191166152.0,38100812959.0
Ethiopia,ETH,GDP (current US$),NY.GDP.MKTP.CD,8242349955.0,8231326016.0,7850809498.0,8623691300.0,10131187261.0,12401139454.0,15280861835.0,19707616773.0,27066912635.0,32437389116.0,29933790334.0,31952763089.0,43310721414.0,47648276190.0,55612228234.0,64589329345.0,74296745599.0,81770886909.0,84269196152.0,95912607970.0,107658000000.0,111262000000.0,126783000000.0
European Union,EUU,GDP (current US$),NY.GDP.MKTP.CD,7276640000000.0,7393880000000.0,8083740000000.0,9932180000000.0,11418900000000.0,11910100000000.0,12712600000000.0,14727400000000.0,16295200000000.0,14762600000000.0,14556000000000.0,15764800000000.0,14642000000000.0,15294800000000.0,15650600000000.0,13553100000000.0,13889000000000.0,14764700000000.0,15979900000000.0,15692600000000.0,15370500000000.0,17187900000000.0,16641400000000.0
Fragile and conflict affected situations,FCS,GDP (current US$),NY.GDP.MKTP.CD,525923000000.0,524821000000.0,515129000000.0,540102000000.0,681202000000.0,856244000000.0,1060630000000.0,1291580000000.0,1636230000000.0,1512320000000.0,1789420000000.0,1682950000000.0,1886030000000.0,1957740000000.0,2077050000000.0,1659060000000.0,1555350000000.0,1645540000000.0,1730290000000.0,1826390000000.0,1663070000000.0,1783490000000.0,1892550000000.0
Finland,FIN,GDP (current US$),NY.GDP.MKTP.CD,126020000000.0,129533000000.0,140404000000.0,171652000000.0,197479000000.0,204885000000.0,217089000000.0,256378000000.0,285716000000.0,253498000000.0,249424000000.0,275604000000.0,258290000000.0,271362000000.0,274863000000.0,234534000000.0,240771000000.0,255648000000.0,275708000000.0,268515000000.0,271886000000.0,296388000000.0,280826000000.0
Fiji,FJI,GDP (current US$),NY.GDP.MKTP.CD,1678219508.0,1652462063.0,1833279985.0,2300492002.0,2708078477.0,2980403465.0,3076305453.0,3378314600.0,3523185920.0,2870624636.0,3140167239.0,3779412255.0,3972028510.0,4189968870.0,4857103847.0,4682480304.0,4930213788.0,5353468388.0,5581425891.0,5481692622.0,4477030180.0,4296235428.0,4943248200.0
France,FRA,GDP (current US$),NY.GDP.MKTP.CD,1365640000000.0,1377660000000.0,1501410000000.0,1844540000000.0,2119630000000.0,2196950000000.0,2320540000000.0,2660590000000.0,2930300000000.0,2700890000000.0,2645190000000.0,2865160000000.0,2683670000000.0,2811880000000.0,2855960000000.0,2439190000000.0,2472960000000.0,2595150000000.0,2790960000000.0,2728870000000.0,2639010000000.0,2957880000000.0,2782910000000.0
Faroe Islands,FRO,GDP (current US$),NY.GDP.MKTP.CD,1067109509.0,1160268142.0,1275093662.0,1501941505.0,1724770867.0,1759739599.0,2017680722.0,2339015385.0,2489873331.0,2296065313.0,2331796784.0,2505740886.0,2427200583.0,2690110671.0,2914012852.0,2573906036.0,2813278761.0,2980057168.0,3188601035.0,3275684065.0,3248670978.0,3649878680.0,
"Micronesia, Fed. Sts.",FSM,GDP (current US$),NY.GDP.MKTP.CD,233271800.0,240970900.0,242517200.0,245432900.0,240236000.0,250281900.0,253541900.0,256787200.0,263145100.0,280284600.0,296944100.0,311301600.0,327248700.0,317214400.0,319271200.0,316489900.0,332265200.0,366666800.0,401932300.0,412000000.0,408000000.0,404028900.0,427094119.1
Gabon,GAB,GDP (current US$),NY.GDP.MKTP.CD,5080483628.0,5023265411.0,5335451104.0,6511903364.0,7770219004.0,9582783997.0,10327598309.0,12455409575.0,15571348329.0,12113699059.0,14372593014.0,18210307754.0,17170464001.0,17595744804.0,18203966900.0,14383107763.0,14023890264.0,14929487496.0,16867326390.0,16874405460.0,15314577168.0,20217946921.0,21071739228.0
United Kingdom,GBR,GDP (current US$),NY.GDP.MKTP.CD,1666050000000.0,1648770000000.0,1785780000000.0,2056700000000.0,2423050000000.0,2544810000000.0,2709980000000.0,3093000000000.0,2931680000000.0,2417570000000.0,2491400000000.0,2666400000000.0,2706340000000.0,2786320000000.0,3065220000000.0,2934860000000.0,2699660000000.0,2683490000000.0,2878150000000.0,2857060000000.0,2704610000000.0,3122480000000.0,3070670000000.0
Georgia,GEO,GDP (current US$),NY.GDP.MKTP.CD,3057475335.0,3219462780.0,3395766678.0,3991377904.0,5125365192.0,6410912050.0,7745249284.0,10172933118.0,12795147992.0,10766919442.0,12243219360.0,15107482383.0,16488819133.0,17190068236.0,17627336228.0,14953675993.0,15141598623.0,16242647230.0,17596922470.0,17470436259.0,15842922533.0,18629365612.0,24605375420.0
Ghana,GHA,GDP (current US$),NY.GDP.MKTP.CD,4982849054.0,5314871684.0,6166197192.0,7632720680.0,8881419348.0,10744562615.0,20885042153.0,24827333947.0,28679383241.0,26048726186.0,32197648061.0,39336668081.0,41271708600.0,62824629066.0,54783320577.0,49406014245.0,56164933479.0,60405920071.0,67298913752.0,68337974419.0,70043095503.0,79156409410.0,72838798788.0
Gibraltar,GIB,GDP (current US$),NY.GDP.MKTP.CD,,,,,,,,,,,,,,,,,,,,,,,
Guinea,GIN,GDP (current US$),NY.GDP.MKTP.CD,2995361112.0,2829435908.0,2950198724.0,3446441785.0,3635458214.0,2937071740.0,4220019243.0,6281917650.0,6964179188.0,6716904516.0,6853467833.0,6785137215.0,7638045226.0,8376613880.0,8778473643.0,8794202395.0,8595955601.0,10324668271.0,11857030366.0,13442861497.0,14177835841.0,16091817842.0,21227749389.0
"Gambia, The",GMB,GDP (current US$),NY.GDP.MKTP.CD,782913866.0,687410630.5,578235309.3,487038679.4,961900640.7,1027701056.0,1054112488.0,1279703030.0,1561766956.0,1450142497.0,1543294945.0,1409693594.0,1415004743.0,1375609460.0,1229461732.0,1378176606.0,1484578897.0,1504909448.0,1670671340.0,1813609679.0,1812170878.0,2038414974.0,2273060863.0
Guinea-Bissau,GNB,GDP (current US$),NY.GDP.MKTP.CD,371095522.0,392621389.5,417806651.1,477458577.2,532062894.8,587029096.0,592365659.8,696910784.0,868154627.9,830126428.8,849878489.1,1099818592.0,989271155.1,1046087367.0,1054915581.0,1048229633.0,1179004911.0,1350177012.0,1504630234.0,1439638411.0,1431758232.0,1638517607.0,1633559092.0
Equatorial Guinea,GNQ,GDP (current US$),NY.GDP.MKTP.CD,1045998496.0,1461139022.0,1806742742.0,2484745935.0,4410764339.0,8217369093.0,10086528699.0,13071718759.0,19749893536.0,15027795173.0,16314443429.0,21357343682.0,22388344124.0,21948834290.0,21765453087.0,13185496881.0,11240808847.0,12200913888.0,13097012124.0,11364133546.0,10099157996.0,12269393392.0,11813908448.0
Greece,GRC,GDP (current US$),NY.GDP.MKTP.CD,130458000000.0,136309000000.0,154564000000.0,202370000000.0,240964000000.0,247875000000.0,273547000000.0,318903000000.0,355909000000.0,331309000000.0,297125000000.0,282996000000.0,242029000000.0,238908000000.0,235458000000.0,195684000000.0,193148000000.0,199844000000.0,212049000000.0,205257000000.0,188926000000.0,214874000000.0,219066000000.0
Grenada,GRD,GDP (current US$),NY.GDP.MKTP.CD,520044370.4,520444185.2,540336925.9,591018407.4,599118592.6,695555555.6,698700666.7,758683592.6,825976037.0,771275555.6,771014814.8,778655555.6,799881481.5,842618518.5,911496296.3,997007407.4,1061640741.0,1125685185.0,1166514815.0,1213485185.0,1043411111.0,1122800000.0,1256413185.0
Greenland,GRL,GDP (current US$),NY.GDP.MKTP.CD,1068024994.0,1086170639.0,1169136691.0,1558759744.0,1822499871.0,1849802648.0,2013106817.0,2249811365.0,2499092396.0,2529964061.0,2503167187.0,2684461608.0,2609678695.0,2684947140.0,2842065877.0,2499113085.0,2707146783.0,2851610656.0,3055791341.0,2997331094.0,3082909158.0,3235816195.0,
Guatemala,GTM,GDP (current US$),NY.GDP.MKTP.CD,19288928616.0,18405221418.0,20444205991.0,21576351799.0,23577298589.0,26783388709.0,29744247479.0,33567850095.0,38503718527.0,37126146369.0,40676579265.0,46876004265.0,49593926849.0,52996447956.0,57852150565.0,62186064719.0,66053402745.0,71653756504.0,73328369926.0,77172313916.0,77715183063.0,86053079767.0,95003333381.0
Guam,GUM,GDP (current US$),NY.GDP.MKTP.CD,,,3394000000.0,3569000000.0,3869000000.0,4213000000.0,4238000000.0,4397000000.0,4658000000.0,4828000000.0,4949000000.0,4984000000.0,5265000000.0,5399000000.0,5610000000.0,5799000000.0,5901000000.0,6013000000.0,6056000000.0,6366000000.0,5886000000.0,6123000000.0,
Guyana,GUY,GDP (current US$),NY.GDP.MKTP.CD,712667896.7,712167448.9,726131434.7,743063949.0,787814379.2,824880550.3,2379817987.0,2730971600.0,3025187428.0,3165663153.0,3432912511.0,3691384318.0,4063088529.0,4167800936.0,4127660158.0,4279840194.0,4482697337.0,4748174334.0,4787637006.0,5173760192.0,5471256595.0,8044498801.0,15357537068.0
High income,HIC,GDP (current US$),NY.GDP.MKTP.CD,27764100000000.0,27489100000000.0,28660900000000.0,32125500000000.0,35771600000000.0,37831100000000.0,39962500000000.0,43756100000000.0,46623900000000.0,43669400000000.0,45759800000000.0,49412500000000.0,49446100000000.0,50054000000000.0,51134100000000.0,48273600000000.0,49306300000000.0,51570900000000.0,54839700000000.0,55315500000000.0,53938000000000.0,60016700000000.0,61535800000000.0
"Hong Kong SAR, China",HKG,GDP (current US$),NY.GDP.MKTP.CD,171669000000.0,169404000000.0,166349000000.0,161386000000.0,169100000000.0,181569000000.0,193535000000.0,211597000000.0,219279000000.0,214048000000.0,228639000000.0,248514000000.0,262629000000.0,275697000000.0,291460000000.0,309386000000.0,320860000000.0,341273000000.0,361731000000.0,363075000000.0,344943000000.0,368911000000.0,359839000000.0
Honduras,HND,GDP (current US$),NY.GDP.MKTP.CD,7186638029.0,7651162302.0,7858255253.0,8230391505.0,8869299234.0,9757012869.0,10917476874.0,12361257681.0,13881731631.0,14587496229.0,15839344592.0,17710275997.0,18528554861.0,18499729063.0,19756533658.0,20979791685.0,21717604581.0,23136248046.0,24067750466.0,25089937109.0,23827859695.0,28488721296.0,31717700115.0
Heavily indebted poor countries (HIPC),HPC,GDP (current US$),NY.GDP.MKTP.CD,177568000000.0,172627000000.0,186798000000.0,211521000000.0,243387000000.0,279221000000.0,329711000000.0,394094000000.0,469266000000.0,474595000000.0,524406000000.0,588453000000.0,609296000000.0,677647000000.0,719694000000.0,698814000000.0,731975000000.0,809850000000.0,771242000000.0,799161000000.0,808664000000.0,898772000000.0,970110000000.0
Croatia,HRV,GDP (current US$),NY.GDP.MKTP.CD,22128719418.0,23063323723.0,26757255952.0,35254833028.0,41855265955.0,45025328214.0,49532592593.0,59172904661.0,68342061762.0,61941466003.0,58693611581.0,62599775593.0,57231455635.0,59363124069.0,59214461630.0,50742086223.0,52391038979.0,55937483558.0,61330483610.0,61329267533.0,57624938982.0,68843674641.0,70964606465.0
Haiti,HTI,GDP (current US$),NY.GDP.MKTP.CD,6813565983.0,6331970413.0,6205847137.0,5071947798.0,6087360735.0,7030149791.0,7638739124.0,9228637766.0,10432962725.0,11597002930.0,11859312627.0,13008746039.0,13708925403.0,14902488489.0,15146883647.0,14849629408.0,14069277532.0,15093357143.0,16403864521.0,15016090930.0,14508222518.0,20877414952.0,20253551885.0
Hungary,HUN,GDP (current US$),NY.GDP.MKTP.CD,47218411470.0,53749989092.0,67608919144.0,85285075492.0,104121000000.0,113211000000.0,115716000000.0,140187000000.0,158326000000.0,131069000000.0,132175000000.0,141942000000.0,128814000000.0,135684000000.0,141034000000.0,125174000000.0,128610000000.0,143112000000.0,160566000000.0,164020000000.0,157227000000.0,182275000000.0,178789000000.0
IBRD only,IBD,GDP (current US$),NY.GDP.MKTP.CD,5839440000000.0,5911670000000.0,6001270000000.0,6747930000000.0,8043520000000.0,9615800000000.0,11403900000000.0,14166100000000.0,17000200000000.0,16487900000000.0,20048200000000.0,23739500000000.0,25231200000000.0,26621300000000.0,27519500000000.0,25774300000000.0,25972100000000.0,28689000000000.0,30520100000000.0,31181900000000.0,30036600000000.0,35615600000000.0,37635700000000.0
IDA & IBRD total,IBT,GDP (current US$),NY.GDP.MKTP.CD,6392240000000.0,6467060000000.0,6597180000000.0,7411820000000.0,8822570000000.0,10527000000000.0,12493300000000.0,15440000000000.0,18521300000000.0,18003100000000.0,21798500000000.0,25521700000000.0,27106400000000.0,28659300000000.0,29717000000000.0,27922300000000.0,28162600000000.0,30978300000000.0,32893600000000.0,33639400000000.0,32450900000000.0,38246200000000.0,40448800000000.0
IDA total,IDA,GDP (current US$),NY.GDP.MKTP.CD,553225000000.0,555728000000.0,596914000000.0,664924000000.0,780117000000.0,912148000000.0,1090620000000.0,1274450000000.0,1521480000000.0,1515760000000.0,1750740000000.0,1782100000000.0,1875050000000.0,2038050000000.0,2197440000000.0,2146720000000.0,2188900000000.0,2288780000000.0,2373510000000.0,2457260000000.0,2413500000000.0,2630950000000.0,2813270000000.0
IDA blend,IDB,GDP (current US$),NY.GDP.MKTP.CD,206737000000.0,206419000000.0,227772000000.0,256312000000.0,311522000000.0,372742000000.0,469295000000.0,541265000000.0,640036000000.0,606966000000.0,715590000000.0,823906000000.0,909186000000.0,989607000000.0,1076980000000.0,1017840000000.0,977322000000.0,960024000000.0,1048860000000.0,1069700000000.0,1002570000000.0,1096040000000.0,1173300000000.0
Indonesia,IDN,GDP (current US$),NY.GDP.MKTP.CD,165021000000.0,160447000000.0,195661000000.0,234772000000.0,256837000000.0,285869000000.0,364571000000.0,432217000000.0,510229000000.0,539580000000.0,755094000000.0,892969000000.0,917870000000.0,912524000000.0,890815000000.0,860854000000.0,931877000000.0,1015620000000.0,1042270000000.0,1119100000000.0,1059050000000.0,1186510000000.0,1319100000000.0
IDA only,IDX,GDP (current US$),NY.GDP.MKTP.CD,347409000000.0,350283000000.0,369953000000.0,409446000000.0,469275000000.0,539967000000.0,621350000000.0,733405000000.0,881880000000.0,909364000000.0,1035740000000.0,958377000000.0,965873000000.0,1048440000000.0,1120460000000.0,1128880000000.0,1211570000000.0,1328750000000.0,1324640000000.0,1387560000000.0,1410930000000.0,1534880000000.0,1639930000000.0
Isle of Man,IMN,GDP (current US$),NY.GDP.MKTP.CD,1563667800.0,1659131244.0,1947332922.0,2328658228.0,2822358473.0,3032409189.0,3422735302.0,4466353635.0,5928788781.0,5486918995.0,5920366628.0,6565668781.0,6690228489.0,7001180246.0,7708459145.0,7084795708.0,6846373277.0,6979791187.0,7491654051.0,7314966839.0,6684229269.0,,
India,IND,GDP (current US$),NY.GDP.MKTP.CD,468395000000.0,485441000000.0,514938000000.0,607699000000.0,709149000000.0,820382000000.0,940260000000.0,1216740000000.0,1198900000000.0,1341890000000.0,1675620000000.0,1823050000000.0,1827640000000.0,1856720000000.0,2039130000000.0,2103590000000.0,2294800000000.0,2651470000000.0,2702930000000.0,2835610000000.0,2671600000000.0,3150310000000.0,3385090000000.0
Not classified,INX,GDP (current US$),NY.GDP.MKTP.CD,,,,,,,,,,,,,,,,,,,,,,,
Ireland,IRL,GDP (current US$),NY.GDP.MKTP.CD,100208000000.0,109347000000.0,128596000000.0,164671000000.0,194372000000.0,211877000000.0,232181000000.0,270079000000.0,275447000000.0,236443000000.0,221914000000.0,239003000000.0,225629000000.0,238341000000.0,259171000000.0,291775000000.0,299091000000.0,336378000000.0,385737000000.0,399322000000.0,425852000000.0,504183000000.0,529245000000.0
"Iran, Islamic Rep.",IRN,GDP (current US$),NY.GDP.MKTP.CD,109592000000.0,126879000000.0,128627000000.0,153545000000.0,190043000000.0,226452000000.0,266299000000.0,349882000000.0,412336000000.0,416397000000.0,486808000000.0,626133000000.0,644036000000.0,492776000000.0,460383000000.0,408213000000.0,457955000000.0,486630000000.0,327901000000.0,283650000000.0,239735000000.0,359097000000.0,388544000000.0
Iraq,IRQ,GDP (current US$),NY.GDP.MKTP.CD,48364250944.0,36176430129.0,32928454672.0,21921569479.0,36627901762.0,49954890353.0,65140147197.0,88837055195.0,131614000000.0,111658000000.0,138517000000.0,185750000000.0,218002000000.0,234638000000.0,228416000000.0,166774000000.0,166602000000.0,187218000000.0,227367000000.0,233636000000.0,180924000000.0,207692000000.0,264182000000.0
Iceland,ISL,GDP (current US$),NY.GDP.MKTP.CD,9025660362.0,8234846523.0,9318398444.0,11429335645.0,13825309101.0,16852971987.0,17465318552.0,21652505597.0,18074619562.0,13154416197.0,13751161918.0,15221622926.0,14751508134.0,16125060515.0,17867662178.0,17517210519.0,20793168031.0,24728285177.0,26260850582.0,24663643102.0,21553080484.0,25552639899.0,27841648044.0
Israel,ISR,GDP (current US$),NY.GDP.MKTP.CD,136035000000.0,134637000000.0,125060000000.0,131299000000.0,139974000000.0,147084000000.0,158670000000.0,184053000000.0,220530000000.0,211968000000.0,238364000000.0,266792000000.0,262282000000.0,297733000000.0,314330000000.0,303414000000.0,322103000000.0,358245000000.0,376692000000.0,402471000000.0,413268000000.0,488527000000.0,522033000000.0
Italy,ITA,GDP (current US$),NY.GDP.MKTP.CD,1146680000000.0,1168020000000.0,1276770000000.0,1577620000000.0,1806540000000.0,1858220000000.0,1949550000000.0,2213100000000.0,2408660000000.0,2199930000000.0,2136100000000.0,2294990000000.0,2086960000000.0,2141920000000.0,2162010000000.0,1836640000000.0,1877070000000.0,1961800000000.0,2091930000000.0,2011300000000.0,1897210000000.0,2114360000000.0,2010430000000.0
Jamaica,JAM,GDP (current US$),NY.GDP.MKTP.CD,9005064475.0,9194727831.0,9719009562.0,9430234852.0,10174664854.0,11243865788.0,11930179173.0,12799600075.0,13709401444.0,12120458141.0,13220549858.0,14444661488.0,14807086491.0,14264205124.0,13899225340.0,14188938781.0,14077105503.0,14808984881.0,15730791526.0,15830766372.0,13812421859.0,14657586359.0,17097760745.0
Jordan,JOR,GDP (current US$),NY.GDP.MKTP.CD,8460789845.0,8975812449.0,9582512831.0,10195627645.0,11411706629.0,12588998590.0,15056981664.0,17110442867.0,22658730357.0,24537876056.0,27133804225.0,29524149155.0,31634561690.0,34454440141.0,36847643521.0,38587017887.0,39892551127.0,41608435915.0,43370860704.0,44503005775.0,43579916197.0,45116317042.0,47451499859.0
Japan,JPN,GDP (current US$),NY.GDP.MKTP.CD,4968360000000.0,4374710000000.0,4182850000000.0,4519560000000.0,4893120000000.0,4831470000000.0,4601660000000.0,4579750000000.0,5106680000000.0,5289490000000.0,5759070000000.0,6233150000000.0,6272360000000.0,5212330000000.0,4896990000000.0,4444930000000.0,5003680000000.0,4930840000000.0,5040880000000.0,5117990000000.0,5048790000000.0,5005540000000.0,4231140000000.0
Kazakhstan,KAZ,GDP (current US$),NY.GDP.MKTP.CD,18291990619.0,22152689130.0,24636598581.0,30833692831.0,43151647003.0,57123671734.0,81003864916.0,104850000000.0,133442000000.0,115309000000.0,148047000000.0,192626000000.0,207999000000.0,236635000000.0,221416000000.0,184388000000.0,137278000000.0,166806000000.0,179340000000.0,181667000000.0,171082000000.0,197112000000.0,220623000000.0
Kenya,KEN,GDP (current US$),NY.GDP.MKTP.CD,12705350153.0,12986007426.0,13147736954.0,14904517650.0,16095337094.0,18737895401.0,25825512278.0,31958195182.0,35895153328.0,42347217913.0,45405615233.0,46869473166.0,56396704833.0,61671440481.0,68285796663.0,70120446664.0,74815143796.0,82036511259.0,92202979941.0,100378000000.0,100658000000.0,109704000000.0,113420000000.0
Kyrgyz Republic,KGZ,GDP (current US$),NY.GDP.MKTP.CD,1369688498.0,1525116370.0,1605643105.0,1919008090.0,2211534585.0,2460246796.0,2834168893.0,3802570572.0,5139958956.0,4690061344.0,4794361821.0,6197765942.0,6605142864.0,7335033799.0,7468102369.0,6678177483.0,6813095396.0,7702938395.0,8271106196.0,8871019823.0,7780873259.0,8740681889.0,10930644915.0
Cambodia,KHM,GDP (current US$),NY.GDP.MKTP.CD,3654031716.0,3984000517.0,4284028483.0,4658246918.0,5337833248.0,6293046162.0,7274595707.0,8639235913.0,10351914178.0,10401851767.0,11242275289.0,12829541141.0,14054443213.0,15227991395.0,16702610842.0,18049954289.0,20016747858.0,22177200589.0,24571753582.0,27089390033.0,25872797892.0,26961061152.0,29956769529.0
Kiribati,KIR,GDP (current US$),NY.GDP.MKTP.CD,67253134.61,63099885.31,72197928.62,90231027.78,102370615.2,112136227.8,110237144.5,132674795.9,141045173.6,132421058.9,155305532.9,180672664.8,189629948.8,184543103.7,177868153.1,170292283.2,178507958.1,188540699.1,196501504.2,175181684.8,177553260.1,227610034.8,223352943.2
St. Kitts and Nevis,KNA,GDP (current US$),NY.GDP.MKTP.CD,421695769.8,458643829.0,481077373.7,469869869.9,506900000.0,547203703.7,644414814.8,689285185.2,777691333.3,774273111.1,778718518.5,836092592.6,825381481.5,874896296.3,953170370.4,957037037.0,1008100000.0,1058944444.0,1076922222.0,1107844444.0,884522222.2,860844444.4,961563259.3
"Korea, Rep.",KOR,GDP (current US$),NY.GDP.MKTP.CD,576178000000.0,547658000000.0,627246000000.0,702717000000.0,793175000000.0,934901000000.0,1053220000000.0,1172610000000.0,1047340000000.0,943942000000.0,1144070000000.0,1253220000000.0,1278430000000.0,1370800000000.0,1484320000000.0,1465770000000.0,1500110000000.0,1623900000000.0,1724850000000.0,1651420000000.0,1644310000000.0,1810960000000.0,1665250000000.0
Kuwait,KWT,GDP (current US$),NY.GDP.MKTP.CD,37718794714.0,34889597791.0,38135756834.0,47874659168.0,59439090601.0,80798630137.0,101557000000.0,114634000000.0,147380000000.0,105969000000.0,115417000000.0,154080000000.0,174048000000.0,174168000000.0,162650000000.0,114586000000.0,109406000000.0,120688000000.0,138202000000.0,136192000000.0,105949000000.0,136797000000.0,184558000000.0
Latin America & Caribbean (excluding high income),LAC,GDP (current US$),NY.GDP.MKTP.CD,1968110000000.0,1913380000000.0,1720010000000.0,1759190000000.0,2007860000000.0,2431630000000.0,2837320000000.0,3353090000000.0,3880460000000.0,3602280000000.0,4510090000000.0,5272190000000.0,5244060000000.0,5382360000000.0,5407160000000.0,4595240000000.0,4465520000000.0,4980920000000.0,4836610000000.0,4769080000000.0,4020600000000.0,4624160000000.0,5300570000000.0
Lao PDR,LAO,GDP (current US$),NY.GDP.MKTP.CD,1731198022.0,1768619058.0,1758176653.0,2023324407.0,2366398120.0,2735558735.0,3455031448.0,4223152219.0,5446434032.0,5836138127.0,7131773633.0,8750107402.0,10192848926.0,11983252627.0,13279248479.0,14426381187.0,15912495369.0,17071162084.0,18141651381.0,18740559554.0,18981800705.0,18827148530.0,15724383783.0
Lebanon,LBN,GDP (current US$),NY.GDP.MKTP.CD,17260364842.0,17649751244.0,19152238806.0,20082918740.0,21159827992.0,21497336499.0,22022709852.0,24827355015.0,29118916106.0,35399582929.0,38443907042.0,39927125961.0,44016799516.0,46880103081.0,48095213746.0,49929337837.0,51147308774.0,53027680686.0,54901519156.0,51605959131.0,31712128254.0,23131941557.0,
Liberia,LBR,GDP (current US$),NY.GDP.MKTP.CD,874000000.0,906000000.0,927000000.0,748000000.0,897000000.0,949000000.0,1119000000.0,1373000000.0,1726000000.0,1768000000.0,1998000000.0,2398000000.0,2791614000.0,3177198100.0,3225652000.0,3227075700.0,3398419600.0,3390703400.0,3422754800.0,3319596500.0,3039982500.0,3509000000.0,4001047150.0
Libya,LBY,GDP (current US$),NY.GDP.MKTP.CD,38270983032.0,34112079629.0,20481889764.0,26265625000.0,33122307692.0,47334697612.0,60094248772.0,68032985520.0,86710739535.0,60808538330.0,75380800664.0,48169243832.0,92540964666.0,75351117628.0,57372352562.0,48717506273.0,49912085228.0,67157451660.0,76686048499.0,69254143968.0,46808208747.0,39798423941.0,45752336036.0
St. Lucia,LCA,GDP (current US$),NY.GDP.MKTP.CD,932592592.6,892592592.6,900000000.0,987407407.4,1066666667.0,1135555556.0,1268319185.0,1336088815.0,1437731111.0,1401507889.0,1482370370.0,1568370370.0,1598222222.0,1660222222.0,1749296296.0,1807222222.0,1865444444.0,1996703704.0,2057074074.0,2094185185.0,1516000000.0,1691259259.0,2065027556.0
Latin America & Caribbean,LCN,GDP (current US$),NY.GDP.MKTP.CD,2292620000000.0,2243440000000.0,2014500000000.0,2055790000000.0,2368190000000.0,2862850000000.0,3351830000000.0,3948810000000.0,4591300000000.0,4314360000000.0,5349060000000.0,6088730000000.0,6155020000000.0,6307750000000.0,6432630000000.0,5376540000000.0,5249750000000.0,5832610000000.0,5706090000000.0,5622810000000.0,4777570000000.0,5510520000000.0,6246620000000.0
Least developed countries: UN classification,LDC,GDP (current US$),NY.GDP.MKTP.CD,218551000000.0,213553000000.0,232635000000.0,260881000000.0,301221000000.0,355554000000.0,412395000000.0,494317000000.0,603523000000.0,607851000000.0,690377000000.0,801926000000.0,841894000000.0,917315000000.0,985869000000.0,954996000000.0,990949000000.0,1104010000000.0,1088190000000.0,1142400000000.0,1162430000000.0,1266460000000.0,1416760000000.0
Low income,LIC,GDP (current US$),NY.GDP.MKTP.CD,186507000000.0,186458000000.0,200867000000.0,219319000000.0,257457000000.0,308114000000.0,356076000000.0,427293000000.0,512642000000.0,526008000000.0,591637000000.0,430766000000.0,408599000000.0,416884000000.0,448531000000.0,449578000000.0,444440000000.0,491499000000.0,415816000000.0,442287000000.0,436036000000.0,467877000000.0,521634000000.0
Liechtenstein,LIE,GDP (current US$),NY.GDP.MKTP.CD,2483890594.0,2491800559.0,2688617885.0,3070803439.0,3454374270.0,3659320087.0,4000101033.0,4601430549.0,5081479840.0,4504376590.0,5082338965.0,5739705822.0,5456099685.0,6391711429.0,6657526636.0,6268513140.0,6237299538.0,6474310910.0,6692618411.0,6436467007.0,6405765970.0,7186428783.0,
Sri Lanka,LKA,GDP (current US$),NY.GDP.MKTP.CD,16330814180.0,15749753805.0,16536535647.0,18881765437.0,20662525941.0,24405791045.0,28279802451.0,32350238663.0,40713826321.0,42066223971.0,58636160849.0,67753284135.0,70447217164.0,77000578207.0,82528535573.0,85140955517.0,88012281910.0,94376237832.0,94493871351.0,89014978319.0,84440535699.0,88496535599.0,74403578363.0
Lower middle income,LMC,GDP (current US$),NY.GDP.MKTP.CD,1358440000000.0,1397360000000.0,1471120000000.0,1680000000000.0,1962070000000.0,2288550000000.0,2691390000000.0,3319080000000.0,3741330000000.0,3785730000000.0,4533250000000.0,5187190000000.0,5461790000000.0,5578820000000.0,5868160000000.0,5716560000000.0,5997920000000.0,6447090000000.0,6606760000000.0,6874530000000.0,6619060000000.0,7592010000000.0,8109650000000.0
Low & middle income,LMY,GDP (current US$),NY.GDP.MKTP.CD,5957810000000.0,6012680000000.0,6164610000000.0,6945040000000.0,8241820000000.0,9810100000000.0,11639500000000.0,14370500000000.0,17193000000000.0,16816800000000.0,20465400000000.0,24151900000000.0,25698100000000.0,27210100000000.0,28140100000000.0,26681800000000.0,26916100000000.0,29590500000000.0,31364400000000.0,32110400000000.0,30983500000000.0,36537300000000.0,38687700000000.0
Lesotho,LSO,GDP (current US$),NY.GDP.MKTP.CD,887291645.3,825706961.2,775777263.1,1157825409.0,1511236656.0,1682343439.0,1800092519.0,1682025303.0,1766820422.0,1740835820.0,2234731974.0,2579421686.0,2477702253.0,2367113170.0,2441063169.0,2359754088.0,2114426469.0,2306741599.0,2556247156.0,2436029588.0,2117736528.0,2373416269.0,2553459763.0
Late-demographic dividend,LTE,GDP (current US$),NY.GDP.MKTP.CD,3410160000000.0,3524970000000.0,3736760000000.0,4257880000000.0,5117210000000.0,6172840000000.0,7448570000000.0,9382520000000.0,11663300000000.0,11268900000000.0,13553700000000.0,16519500000000.0,17680700000000.0,19042100000000.0,19775300000000.0,18549900000000.0,18593400000000.0,20629800000000.0,22621400000000.0,23047300000000.0,22525900000000.0,26827500000000.0,28078800000000.0
Lithuania,LTU,GDP (current US$),NY.GDP.MKTP.CD,11524776867.0,12237388002.0,14259781159.0,18781721376.0,22627507452.0,26097677572.0,30183575104.0,39697891352.0,47797551588.0,37388122046.0,37128694028.0,43535051482.0,42927454291.0,46523420074.0,48533659592.0,41435533340.0,43047309306.0,47758736932.0,53751411409.0,54760617013.0,56914826861.0,66414994992.0,70334299008.0
Luxembourg,LUX,GDP (current US$),NY.GDP.MKTP.CD,21230182989.0,21387533703.0,23649833332.0,29667268248.0,35064843793.0,37672280120.0,42910146296.0,51587401416.0,58844277702.0,54467289898.0,56213985987.0,61696281326.0,59776383527.0,65203276467.0,68804811898.0,60071584216.0,62216885436.0,65712180343.0,71000359760.0,69825641851.0,73992591285.0,85506243834.0,82274812251.0
Latvia,LVA,GDP (current US$),NY.GDP.MKTP.CD,7958852839.0,8362398702.0,9557031605.0,11771975157.0,14435700533.0,17003459863.0,21570076499.0,31054350978.0,35854274229.0,26410909091.0,23956163077.0,27474380566.0,28169902669.0,30204783462.0,31386896487.0,27263090547.0,28083597512.0,30483806018.0,34429023435.0,34343961073.0,34601740323.0,39725383601.0,41153912663.0
"Macao SAR, China",MAC,GDP (current US$),NY.GDP.MKTP.CD,6774193548.0,6860272608.0,7371692469.0,8246479395.0,10643253443.0,12160056755.0,14874098382.0,18439981804.0,21027018551.0,21587786005.0,28241799668.0,36845887225.0,43189724080.0,51536592939.0,54902831794.0,45048188248.0,45070807280.0,50440935654.0,55284309690.0,55204961000.0,25459685020.0,30123795337.0,21979475561.0
St. Martin (French part),MAF,GDP (current US$),NY.GDP.MKTP.CD,,,,,,,,,,,,775875858.0,,,772921756.3,,,,,,,,
Morocco,MAR,GDP (current US$),NY.GDP.MKTP.CD,43017455401.0,43831480206.0,47077192184.0,58029361339.0,66114147932.0,68852655480.0,75883820424.0,86947909745.0,101823000000.0,101155000000.0,100865000000.0,110081000000.0,106937000000.0,115739000000.0,119131000000.0,110414000000.0,111573000000.0,118541000000.0,127341000000.0,128920000000.0,121348000000.0,142867000000.0,134182000000.0
Monaco,MCO,GDP (current US$),NY.GDP.MKTP.CD,2654476597.0,2673738413.0,2919691961.0,3597052153.0,4117728151.0,4204651894.0,4586828062.0,5875376402.0,6502945305.0,5473265702.0,5367561640.0,6088690667.0,5742748406.0,6555590642.0,7069351224.0,6261646950.0,6472837333.0,6431274938.0,7194256778.0,7383941919.0,6739642360.0,8596156574.0,
Moldova,MDA,GDP (current US$),NY.GDP.MKTP.CD,1288429392.0,1480673594.0,1661818168.0,1980907435.0,2598249556.0,2988342907.0,3408255364.0,4401173162.0,6054824433.0,5439434059.0,6974982391.0,8414351672.0,8709138767.0,9496717701.0,9399833207.0,7798692878.0,7982450758.0,9519053158.0,11253727815.0,11735774634.0,11531967881.0,13692230147.0,14420947884.0
Madagascar,MDG,GDP (current US$),NY.GDP.MKTP.CD,4629247205.0,5438332601.0,5351701665.0,6372498891.0,5064732625.0,5859269752.0,6395712492.0,8524620891.0,10725137722.0,9616879408.0,9982711338.0,11551819618.0,11578975064.0,12423555457.0,12522957401.0,11323020700.0,11848613860.0,13176313594.0,13760033283.0,14104664678.0,13051441203.0,14554754115.0,14954967604.0
Maldives,MDV,GDP (current US$),NY.GDP.MKTP.CD,624337145.3,870031653.1,897031250.0,1052121055.0,1226829563.0,1163362438.0,1575200391.0,1868383461.0,2271646188.0,2345294875.0,2588176055.0,2774350163.0,2886163938.0,3295009231.0,3697353155.0,4109416450.0,4379134273.0,4754185599.0,5300949823.0,5609385434.0,3746329358.0,5405557162.0,6189865408.0
Middle East & North Africa,MEA,GDP (current US$),NY.GDP.MKTP.CD,1054430000000.0,1049630000000.0,1044710000000.0,1158770000000.0,1367530000000.0,1643480000000.0,1924930000000.0,2272330000000.0,2830410000000.0,2557000000000.0,2984420000000.0,3368260000000.0,3642050000000.0,3581790000000.0,3602490000000.0,3179420000000.0,3213370000000.0,3352270000000.0,3516510000000.0,3522810000000.0,3157880000000.0,3740990000000.0,4414420000000.0
Mexico,MEX,GDP (current US$),NY.GDP.MKTP.CD,707910000000.0,756703000000.0,772110000000.0,729335000000.0,782243000000.0,877477000000.0,975383000000.0,1052700000000.0,1109990000000.0,900047000000.0,1057800000000.0,1180490000000.0,1201090000000.0,1274440000000.0,1315360000000.0,1171870000000.0,1078490000000.0,1158910000000.0,1222410000000.0,1269010000000.0,1090510000000.0,1272840000000.0,1414190000000.0
Marshall Islands,MHL,GDP (current US$),NY.GDP.MKTP.CD,115347500.0,122824000.0,131738200.0,131398500.0,132934600.0,137666300.0,142745200.0,149870000.0,145969100.0,150624900.0,160318500.0,171567100.0,179855800.0,185468000.0,185172900.0,182997300.0,200716000.0,212701200.0,219330300.0,232092300.0,241722400.0,259538700.0,279667900.0
Middle income,MIC,GDP (current US$),NY.GDP.MKTP.CD,5776760000000.0,5831560000000.0,5970190000000.0,6732420000000.0,7992080000000.0,9511310000000.0,11293700000000.0,13954900000000.0,16694400000000.0,16305800000000.0,19889500000000.0,23725500000000.0,25291500000000.0,26794500000000.0,27693600000000.0,26235100000000.0,26474200000000.0,29102000000000.0,30947200000000.0,31667500000000.0,30547300000000.0,36066200000000.0,38164300000000.0
North Macedonia,MKD,GDP (current US$),NY.GDP.MKTP.CD,3772859053.0,3709636012.0,4018365768.0,4946296569.0,5682784433.0,6258602830.0,6861227018.0,8336475036.0,9909552356.0,9401736825.0,9407170389.0,10494626768.0,9745261301.0,10817702424.0,11362265294.0,10064519963.0,10672467073.0,11307067001.0,12683068033.0,12606338449.0,12363580535.0,13825049832.0,13563132057.0
Mali,MLI,GDP (current US$),NY.GDP.MKTP.CD,2961484954.0,3468337941.0,3908121310.0,4714071978.0,5454249123.0,6247515892.0,6905934219.0,8156468818.0,9838403091.0,10231962383.0,10689168011.0,12995112698.0,12442035328.0,13242690790.0,14364937128.0,13104764379.0,14026048334.0,15365713059.0,17070867578.0,17280250805.0,17465392779.0,19309463506.0,18827176532.0
Malta,MLT,GDP (current US$),NY.GDP.MKTP.CD,4323339212.0,4355146428.0,4693495693.0,5489359281.0,6116591928.0,6407287651.0,6778321415.0,7925403778.0,9090376446.0,8696304529.0,9035819657.0,9638733344.0,9461826174.0,10550968139.0,11625843214.0,11091467514.0,11667976403.0,13489296992.0,15298004130.0,15881258056.0,15046136935.0,17743376199.0,17765270015.0
Myanmar,MMR,GDP (current US$),NY.GDP.MKTP.CD,6849321646.0,6220270632.0,6110632858.0,7754647428.0,9390855298.0,10588433069.0,11863016315.0,15591182545.0,23013015832.0,29455165595.0,37796052939.0,54118601975.0,58318677645.0,60572257122.0,63264892768.0,63045306514.0,60291738935.0,61449391917.0,67144726168.0,68697761477.0,78930259069.0,65124769602.0,59364362541.0
Middle East & North Africa (excluding high income),MNA,GDP (current US$),NY.GDP.MKTP.CD,536175000000.0,542328000000.0,528297000000.0,577708000000.0,685784000000.0,808536000000.0,942306000000.0,1148310000000.0,1416250000000.0,1378600000000.0,1587780000000.0,1636400000000.0,1764810000000.0,1624050000000.0,1600860000000.0,1439070000000.0,1475840000000.0,1476910000000.0,1400050000000.0,1408620000000.0,1284930000000.0,1507010000000.0,1676990000000.0
Montenegro,MNE,GDP (current US$),NY.GDP.MKTP.CD,984292969.9,1159869246.0,1284685051.0,1707710053.0,2073234418.0,2257174481.0,2721903149.0,3680711744.0,4545674528.0,4159330370.0,4142983898.0,4544429063.0,4087525609.0,4465771673.0,4593852089.0,4054728173.0,4376929572.0,4856602179.0,5506944403.0,5542053845.0,4769995512.0,5861430526.0,6095978868.0
Mongolia,MNG,GDP (current US$),NY.GDP.MKTP.CD,1136896124.0,1267997934.0,1396555720.0,1595297356.0,1992066808.0,2523471602.0,3414055663.0,4234999703.0,5623216610.0,4583850368.0,7189482001.0,10409797375.0,12292770631.0,12582122604.0,12226514666.0,11619892593.0,11181350649.0,11480847740.0,13178094720.0,14206359016.0,13312981427.0,15286441740.0,16810883361.0
Northern Mariana Islands,MNP,GDP (current US$),NY.GDP.MKTP.CD,,,1284000000.0,1239000000.0,1210000000.0,1061000000.0,990000000.0,938000000.0,939000000.0,795000000.0,799000000.0,729000000.0,746000000.0,772000000.0,832000000.0,910000000.0,1230000000.0,1560000000.0,1301000000.0,1181000000.0,858000000.0,,
Mozambique,MOZ,GDP (current US$),NY.GDP.MKTP.CD,5656473652.0,5398557896.0,5677013629.0,6303399758.0,7631106171.0,8542083074.0,9176896597.0,10450826527.0,12556173243.0,11914471513.0,11104649065.0,14381552467.0,16350813487.0,16974314296.0,17716091057.0,15950979333.0,11936993087.0,13219079498.0,14845400593.0,15390031040.0,14156864916.0,15776757420.0,17851491428.0
Mauritania,MRT,GDP (current US$),NY.GDP.MKTP.CD,1779520862.0,1746063580.0,1777057503.0,2051147607.0,2362501023.0,2936019526.0,3919577286.0,4346212411.0,5206437121.0,4714595488.0,5628878866.0,6764627666.0,6728208836.0,7223071177.0,6592537782.0,6166863960.0,6398741856.0,6800138755.0,7473550557.0,8066118984.0,8405498736.0,9996240419.0,10375460680.0
Mauritius,MUS,GDP (current US$),NY.GDP.MKTP.CD,4663321022.0,4613637222.0,4841310240.0,5816559039.0,6578840499.0,6488743120.0,7028810755.0,8150150144.0,9990356849.0,9128843109.0,10003670690.0,11518413430.0,11668696526.0,12292974008.0,13074130094.0,12007291046.0,12594155346.0,13713505998.0,14735695931.0,14436347115.0,11401040996.0,11476433604.0,12898307089.0
Malawi,MWI,GDP (current US$),NY.GDP.MKTP.CD,2537307566.0,2498008653.0,5087328438.0,4669789300.0,5058726350.0,5320409651.0,5818279739.0,6451210219.0,7743617352.0,9009887947.0,10128323011.0,11648142958.0,8773203178.0,8031571928.0,8801326169.0,9219474373.0,7909868618.0,8943543677.0,9880675786.0,11025371147.0,12056108780.0,12602334124.0,13164667627.0
Malaysia,MYS,GDP (current US$),NY.GDP.MKTP.CD,93789736842.0,92783947368.0,100846000000.0,110202000000.0,124749000000.0,143534000000.0,162692000000.0,193550000000.0,230812000000.0,202257000000.0,255018000000.0,297952000000.0,314443000000.0,323276000000.0,338066000000.0,301355000000.0,301255000000.0,319109000000.0,358789000000.0,365178000000.0,337339000000.0,372981000000.0,406306000000.0
North America,NAC,GDP (current US$),NY.GDP.MKTP.CD,10999200000000.0,11324600000000.0,11693700000000.0,12356200000000.0,13248400000000.0,14217200000000.0,15141000000000.0,15949800000000.0,16329800000000.0,15859300000000.0,16672900000000.0,17399400000000.0,18088700000000.0,18696300000000.0,19362800000000.0,19769200000000.0,20230000000000.0,21133700000000.0,22265600000000.0,23132100000000.0,22715000000000.0,25323700000000.0,27610100000000.0
Namibia,NAM,GDP (current US$),NY.GDP.MKTP.CD,3922231976.0,3557341284.0,3349169932.0,4926439275.0,6609206506.0,7248375217.0,8001779551.0,8839536894.0,8607431845.0,8938847364.0,11431412421.0,12523359441.0,13042053857.0,12043307277.0,12435430396.0,11335161230.0,10722018975.0,12895153160.0,13682019172.0,12541928103.0,10583748757.0,12446290855.0,12607436976.0
New Caledonia,NCL,GDP (current US$),NY.GDP.MKTP.CD,3420032042.0,3297734886.0,3740056752.0,4915353826.0,5895008985.0,6238629462.0,6979155408.0,8819917187.0,9067619729.0,8704438061.0,9364350065.0,10351448025.0,9659151909.0,10151382877.0,10635035550.0,8738203042.0,8724568971.0,9173670000.0,9896402295.0,9475655342.0,9454629451.0,10071349707.0,
Niger,NER,GDP (current US$),NY.GDP.MKTP.CD,2241753193.0,2448714703.0,2782192881.0,3394084731.0,3760443735.0,4383315967.0,4756361253.0,5731485046.0,7297600219.0,7352131304.0,7851192499.0,8772950783.0,9426912639.0,10224897441.0,10862943546.0,9683867927.0,10398861981.0,11185101444.0,12808661487.0,12916454871.0,13744174582.0,14915002098.0,13969605583.0
Nigeria,NGA,GDP (current US$),NY.GDP.MKTP.CD,69448962761.0,74030562270.0,95054094655.0,104739000000.0,135765000000.0,175671000000.0,238455000000.0,278261000000.0,339476000000.0,295009000000.0,366991000000.0,414467000000.0,463971000000.0,520117000000.0,574184000000.0,493027000000.0,404649000000.0,375746000000.0,421739000000.0,474517000000.0,432199000000.0,440834000000.0,477386000000.0
Nicaragua,NIC,GDP (current US$),NY.GDP.MKTP.CD,5107329007.0,5323146566.0,5224213018.0,5322454926.0,5795568205.0,6321324455.0,6763418646.0,7423365275.0,8496948184.0,8298736471.0,8758619131.0,9774320144.0,10531980451.0,10982954744.0,11880433903.0,12756722238.0,13286066155.0,13785890939.0,13025266513.0,12699028890.0,12678162359.0,14145852101.0,15671583878.0
Netherlands,NLD,GDP (current US$),NY.GDP.MKTP.CD,417479000000.0,431587000000.0,473862000000.0,580070000000.0,658380000000.0,685348000000.0,733955000000.0,848559000000.0,951870000000.0,871519000000.0,847381000000.0,905271000000.0,838923000000.0,877173000000.0,892168000000.0,765573000000.0,784060000000.0,833870000000.0,914043000000.0,910194000000.0,909793000000.0,1011800000000.0,991115000000.0
Norway,NOR,GDP (current US$),NY.GDP.MKTP.CD,171456000000.0,174240000000.0,195915000000.0,229385000000.0,265267000000.0,309979000000.0,346913000000.0,402646000000.0,464918000000.0,387974000000.0,431052000000.0,501361000000.0,512777000000.0,526014000000.0,501736000000.0,388160000000.0,370957000000.0,401745000000.0,439789000000.0,408743000000.0,367633000000.0,490293000000.0,579267000000.0
Nepal,NPL,GDP (current US$),NY.GDP.MKTP.CD,5494252208.0,6007055042.0,6050875807.0,6330473097.0,7273938315.0,8130258415.0,9043715356.0,10325618017.0,12545438605.0,12854985464.0,16002656434.0,21573872274.0,21703100747.0,22162205046.0,22731612827.0,24360801338.0,24524109485.0,28971588881.0,33111525183.0,34186180695.0,33433659223.0,36924841430.0,40828247302.0
Nauru,NRU,GDP (current US$),NY.GDP.MKTP.CD,,,,,,,,,,,47562842.37,65071849.58,101055718.6,94384979.01,99149259.84,84863407.87,97541914.58,109355653.7,130995580.1,125160081.8,124685686.6,145536603.2,150922211.0
New Zealand,NZL,GDP (current US$),NY.GDP.MKTP.CD,52622954599.0,53872463497.0,66627729311.0,88250885550.0,103906000000.0,114720000000.0,111539000000.0,137189000000.0,133131000000.0,121374000000.0,146518000000.0,168291000000.0,176207000000.0,190907000000.0,201313000000.0,178064000000.0,188838000000.0,206556000000.0,211887000000.0,213092000000.0,212570000000.0,255552000000.0,247234000000.0
OECD members,OED,GDP (current US$),NY.GDP.MKTP.CD,27635500000000.0,27374600000000.0,28563000000000.0,31951200000000.0,35572800000000.0,37609300000000.0,39674400000000.0,43436100000000.0,46122700000000.0,43144800000000.0,45255600000000.0,48674700000000.0,48622400000000.0,49270400000000.0,50278900000000.0,47411200000000.0,48327400000000.0,50447200000000.0,53371500000000.0,53878200000000.0,52536100000000.0,58363900000000.0,59596500000000.0
Oman,OMN,GDP (current US$),NY.GDP.MKTP.CD,19507452536.0,19452000520.0,20142756047.0,21633708192.0,24763712874.0,31081991678.0,37215779714.0,42085379454.0,60905452536.0,48388363589.0,64993498049.0,77497529259.0,87408842653.0,89936020806.0,92699089727.0,78710793238.0,75128738622.0,80856697009.0,91505851756.0,88060858257.0,75909397659.0,88191977373.0,114667000000.0
Other small states,OSS,GDP (current US$),NY.GDP.MKTP.CD,91702715004.0,91249698436.0,98381529623.0,122231000000.0,151646000000.0,183677000000.0,215632000000.0,263863000000.0,322996000000.0,277195000000.0,322561000000.0,396974000000.0,414000000000.0,432057000000.0,446621000000.0,370450000000.0,366512000000.0,399126000000.0,443079000000.0,434119000000.0,378201000000.0,455685000000.0,529871000000.0
Pakistan,PAK,GDP (current US$),NY.GDP.MKTP.CD,82017743416.0,79484403985.0,79904985385.0,91760542940.0,107760000000.0,120055000000.0,137264000000.0,152386000000.0,170078000000.0,168153000000.0,177166000000.0,213588000000.0,224384000000.0,231218000000.0,244361000000.0,270556000000.0,313630000000.0,339206000000.0,356128000000.0,320909000000.0,300426000000.0,348263000000.0,376533000000.0
Panama,PAN,GDP (current US$),NY.GDP.MKTP.CD,12304115000.0,12502013400.0,12994310400.0,13693981200.0,15013381700.0,16374393900.0,18141666300.0,21295984200.0,25155888600.0,27116635600.0,29440287600.0,34686224300.0,40429700000.0,45599900000.0,49921400000.0,54091800000.0,57907700000.0,62202700000.0,67294169235.0,69721787533.0,57086836942.0,67406738052.0,76522511781.0
Peru,PER,GDP (current US$),NY.GDP.MKTP.CD,51744749133.0,52030158775.0,54777553515.0,58731030122.0,66768703498.0,76060606061.0,88643193062.0,102171000000.0,120551000000.0,120823000000.0,147528000000.0,171762000000.0,192650000000.0,201176000000.0,200786000000.0,189803000000.0,191898000000.0,211008000000.0,222597000000.0,228326000000.0,201948000000.0,223718000000.0,242632000000.0
Philippines,PHL,GDP (current US$),NY.GDP.MKTP.CD,83669788255.0,78921234458.0,84307346432.0,87039092439.0,95002000250.0,107420000000.0,127653000000.0,155980000000.0,181625000000.0,175975000000.0,208369000000.0,234217000000.0,261921000000.0,283903000000.0,297484000000.0,306446000000.0,318627000000.0,328481000000.0,346842000000.0,376823000000.0,361751000000.0,394087000000.0,404284000000.0
Palau,PLW,GDP (current US$),NY.GDP.MKTP.CD,146297500.0,156907900.0,163184900.0,153963200.0,165186200.0,190452900.0,192382400.0,198897700.0,198283900.0,187522800.0,185943000.0,196911100.0,212397800.0,221117200.0,241669800.0,280457700.0,298300000.0,285600000.0,284900000.0,278900000.0,251900000.0,217800000.0,
Papua New Guinea,PNG,GDP (current US$),NY.GDP.MKTP.CD,3521339699.0,3081024212.0,2999511040.0,3536411824.0,3927157867.0,4865892972.0,8354911622.0,9545029481.0,11670891360.0,11619455043.0,14250785801.0,17985138450.0,21295165201.0,21261338065.0,23210823987.0,21723439626.0,20758874953.0,22742696408.0,24109780113.0,24751069238.0,23848442440.0,26311656000.0,30633444295.0
Poland,POL,GDP (current US$),NY.GDP.MKTP.CD,172220000000.0,190905000000.0,199070000000.0,217829000000.0,255107000000.0,306146000000.0,344627000000.0,429021000000.0,533600000000.0,439732000000.0,475697000000.0,524374000000.0,495231000000.0,515762000000.0,539081000000.0,477111000000.0,470025000000.0,524641000000.0,588780000000.0,596058000000.0,599443000000.0,679442000000.0,688177000000.0
Pre-demographic dividend,PRE,GDP (current US$),NY.GDP.MKTP.CD,278678000000.0,266344000000.0,305714000000.0,332451000000.0,414234000000.0,516905000000.0,652732000000.0,789892000000.0,986048000000.0,902166000000.0,1060580000000.0,1235600000000.0,1341800000000.0,1471440000000.0,1562110000000.0,1334010000000.0,1217510000000.0,1294930000000.0,1348310000000.0,1421160000000.0,1308380000000.0,1429590000000.0,1612320000000.0
Puerto Rico,PRI,GDP (current US$),NY.GDP.MKTP.CD,61701800000.0,69208400000.0,71623500000.0,74827400000.0,80322313000.0,83914521300.0,87276164400.0,89524131600.0,93639300000.0,96385600000.0,98381300000.0,100352000000.0,101565000000.0,102450000000.0,102446000000.0,103376000000.0,104337000000.0,103446000000.0,100958000000.0,105126000000.0,103131000000.0,106369000000.0,113435000000.0
"Korea, Dem. People's Rep.",PRK,GDP (current US$),NY.GDP.MKTP.CD,,,,,,,,,,,,,,,,,,,,,,,
Portugal,PRT,GDP (current US$),NY.GDP.MKTP.CD,118605000000.0,121604000000.0,134796000000.0,165226000000.0,189382000000.0,197254000000.0,208756000000.0,240496000000.0,263416000000.0,244668000000.0,238113000000.0,245118000000.0,216224000000.0,226434000000.0,229902000000.0,199394000000.0,206426000000.0,221358000000.0,242313000000.0,239987000000.0,229032000000.0,253983000000.0,251945000000.0
Paraguay,PRY,GDP (current US$),NY.GDP.MKTP.CD,8855705140.0,8495806432.0,7196260657.0,7691367471.0,9624440836.0,10737500188.0,13429430050.0,17856393235.0,24615267617.0,22355151178.0,27129301048.0,33737033607.0,33296438409.0,38651334593.0,40377987315.0,36211372646.0,36089550672.0,38997129809.0,40225448651.0,37925338460.0,35432177936.0,39950899733.0,41722295362.0
West Bank and Gaza,PSE,GDP (current US$),NY.GDP.MKTP.CD,4313600000.0,4003700000.0,3555800000.0,3968000000.0,4603100000.0,5125700000.0,5348300000.0,5815700000.0,7310400000.0,8085700000.0,9681500000.0,11186100000.0,12208400000.0,13515500000.0,13989700000.0,13972400000.0,15405400000.0,16128000000.0,16276600000.0,17133500000.0,15531700000.0,18109000000.0,19111900000.0
Pacific island small states,PSS,GDP (current US$),NY.GDP.MKTP.CD,3435656384.0,3389381092.0,3558832752.0,4239178866.0,4877982920.0,5419134369.0,5688864951.0,6273728182.0,6704438240.0,6031359070.0,6634286339.0,7736812460.0,8198532205.0,8523915458.0,9263444824.0,9054327014.0,9504027365.0,10256678900.0,10760671502.0,10739835369.0,9531900179.0,9475964549.0,10226024920.0
Post-demographic dividend,PST,GDP (current US$),NY.GDP.MKTP.CD,26399200000000.0,26142600000000.0,27268500000000.0,30572500000000.0,33971600000000.0,35742700000000.0,37604900000000.0,41044100000000.0,43476800000000.0,40929800000000.0,42691300000000.0,45849600000000.0,45778300000000.0,46233500000000.0,47148800000000.0,44585900000000.0,45593100000000.0,47535700000000.0,50385000000000.0,50880100000000.0,49719400000000.0,55090900000000.0,56013500000000.0
French Polynesia,PYF,GDP (current US$),NY.GDP.MKTP.CD,3599845482.0,3573808551.0,3965405557.0,4927780605.0,5564109988.0,5705052111.0,5877997997.0,6631156411.0,7136741398.0,6584557942.0,6086644791.0,6203940049.0,5692858094.0,6031827089.0,6151996535.0,5325846342.0,5497036487.0,5833352684.0,6135116261.0,6022276207.0,5731835679.0,6080359305.0,
Qatar,QAT,GDP (current US$),NY.GDP.MKTP.CD,17759890110.0,17538461538.0,19363736264.0,23533791209.0,31734065934.0,44530494505.0,60882142857.0,79712087912.0,115270000000.0,97798351648.0,125122000000.0,167775000000.0,186834000000.0,198728000000.0,206225000000.0,161740000000.0,151732000000.0,161099000000.0,183335000000.0,176371000000.0,144411000000.0,179677000000.0,237296000000.0
Romania,ROU,GDP (current US$),NY.GDP.MKTP.CD,37253738081.0,40395114265.0,46065502703.0,57806382692.0,74973660681.0,98454374488.0,122024000000.0,174589000000.0,214317000000.0,174102000000.0,170029000000.0,192614000000.0,179133000000.0,189789000000.0,199714000000.0,177884000000.0,185288000000.0,210147000000.0,243316000000.0,251018000000.0,251363000000.0,285405000000.0,301262000000.0
Russian Federation,RUS,GDP (current US$),NY.GDP.MKTP.CD,259710000000.0,306602000000.0,345470000000.0,430347000000.0,591017000000.0,764016000000.0,989932000000.0,1299700000000.0,1660850000000.0,1222650000000.0,1524920000000.0,2045920000000.0,2208290000000.0,2292470000000.0,2059240000000.0,1363480000000.0,1276790000000.0,1574200000000.0,1657330000000.0,1693110000000.0,1493080000000.0,1836890000000.0,2240420000000.0
Rwanda,RWA,GDP (current US$),NY.GDP.MKTP.CD,2068762707.0,1966548410.0,1965932546.0,2138185328.0,2376464520.0,2933765825.0,3319711249.0,4070391531.0,5179804291.0,5674428928.0,6124693374.0,6884907733.0,7654782979.0,7820052084.0,8239042500.0,8543869360.0,8695318854.0,9252833678.0,9636510839.0,10346675636.0,10172925172.0,11055281971.0,13312796765.0
South Asia,SAS,GDP (current US$),NY.GDP.MKTP.CD,630242000000.0,645679000000.0,677427000000.0,791027000000.0,917083000000.0,1050600000000.0,1196090000000.0,1504160000000.0,1527610000000.0,1683170000000.0,2062470000000.0,2277350000000.0,2302400000000.0,2362710000000.0,2587790000000.0,2704840000000.0,3010760000000.0,3433880000000.0,3534210000000.0,3658000000000.0,3490010000000.0,4062780000000.0,4361630000000.0
Saudi Arabia,SAU,GDP (current US$),NY.GDP.MKTP.CD,189515000000.0,184138000000.0,189606000000.0,215808000000.0,258742000000.0,328460000000.0,376900000000.0,415965000000.0,519797000000.0,429098000000.0,528207000000.0,676635000000.0,741850000000.0,753865000000.0,766606000000.0,669484000000.0,666000000000.0,714995000000.0,846584000000.0,838565000000.0,734271000000.0,868586000000.0,1108150000000.0
Sudan,SDN,GDP (current US$),NY.GDP.MKTP.CD,12257299147.0,15716361539.0,18137126092.0,21355295732.0,26646007251.0,35182707174.0,45263824686.0,59440139775.0,64833088568.0,58315346841.0,74151157012.0,78402841445.0,63196236489.0,66027147865.0,76818773785.0,84984672416.0,102944000000.0,129719000000.0,32333780383.0,32338079165.0,27034593750.0,34229513775.0,51662241775.0
Senegal,SEN,GDP (current US$),NY.GDP.MKTP.CD,6013185004.0,6507824827.0,7006402325.0,8768721561.0,10076816661.0,11009033445.0,11697918245.0,13994218399.0,16853989611.0,16145867483.0,16121315902.0,17814283650.0,17660870396.0,18918667731.0,19797253445.0,17774766697.0,19040312331.0,20996562959.0,23116701540.0,23403995985.0,24530513059.0,27569136728.0,27684430244.0
Singapore,SGP,GDP (current US$),NY.GDP.MKTP.CD,96076521349.0,89793815728.0,92538355643.0,97646382413.0,115034000000.0,127808000000.0,148627000000.0,180942000000.0,193617000000.0,194150000000.0,239808000000.0,279357000000.0,295093000000.0,307576000000.0,314864000000.0,307999000000.0,319030000000.0,343273000000.0,376870000000.0,376837000000.0,348392000000.0,423797000000.0,466789000000.0
Solomon Islands,SLB,GDP (current US$),NY.GDP.MKTP.CD,419842688.0,409508556.6,346406733.6,417668997.4,468005324.5,552864568.4,617258127.2,695295347.6,776337725.2,805557595.9,898133646.6,1063895357.0,1185283422.0,1285911569.0,1335571357.0,1307909891.0,1379490315.0,1469789050.0,1615478421.0,1619154958.0,1536145831.0,1580303517.0,1595710784.0
Sierra Leone,SLE,GDP (current US$),NY.GDP.MKTP.CD,635874002.2,1074851475.0,1236235827.0,1369685677.0,1430217081.0,1627058706.0,1862116165.0,2126679686.0,2451896682.0,2419014960.0,2578159480.0,2932274242.0,3789251962.0,4920343203.0,5015180836.0,4252029354.0,3862721205.0,3719443318.0,4085114542.0,4076578654.0,4062906364.0,4249234574.0,3970343852.0
El Salvador,SLV,GDP (current US$),NY.GDP.MKTP.CD,11784927700.0,12282533600.0,12664190300.0,13243892200.0,13724810900.0,14698000000.0,15999890000.0,17011750000.0,17986890000.0,17601620000.0,18447920000.0,20283780000.0,21386150000.0,21990960000.0,22593470000.0,23438240000.0,24191430000.0,24979190000.0,26020850000.0,26881140000.0,24930080000.0,29451240000.0,32488720000.0
San Marino,SMR,GDP (current US$),NY.GDP.MKTP.CD,1005159388.0,1077413479.0,1168269231.0,1464326161.0,1723750000.0,1785847531.0,1908167106.0,2185874624.0,2393437820.0,2056126702.0,1881191950.0,1813717695.0,1604701051.0,1678741202.0,1673910988.0,1419400404.0,1468342431.0,1528621195.0,1655354304.0,1616188702.0,1541247884.0,1855382833.0,
Somalia,SOM,GDP (current US$),NY.GDP.MKTP.CD,,,,,,,,,,,,,,4577000012.0,5024999992.0,5335000000.0,5534000000.0,5609000000.0,5856000006.0,6485000000.0,6883000000.0,7628000011.0,8126105600.0
Serbia,SRB,GDP (current US$),NY.GDP.MKTP.CD,6875845987.0,12960546471.0,17120906918.0,22482365322.0,26141968161.0,27683225959.0,32482070360.0,43170990616.0,52194221469.0,45162894381.0,41819468692.0,49258136129.0,43309252921.0,48394239475.0,47062202241.0,39655949731.0,40692661657.0,44179075779.0,50640662859.0,51514242776.0,53356484764.0,63082021206.0,63501748652.0
Sub-Saharan Africa (excluding high income),SSA,GDP (current US$),NY.GDP.MKTP.CD,423785000000.0,406642000000.0,442446000000.0,557495000000.0,692416000000.0,822378000000.0,972441000000.0,1126290000000.0,1277260000000.0,1229160000000.0,1460730000000.0,1648440000000.0,1711630000000.0,1818610000000.0,1899460000000.0,1694600000000.0,1575080000000.0,1704410000000.0,1772630000000.0,1821730000000.0,1712870000000.0,1925170000000.0,2045760000000.0
South Sudan,SSD,GDP (current US$),NY.GDP.MKTP.CD,,,,,,,,,14586253383.0,12231264525.0,14602072411.0,14907308933.0,11931472169.0,18426469017.0,13962212847.0,11997800760.0,,,,,,,
Sub-Saharan Africa,SSF,GDP (current US$),NY.GDP.MKTP.CD,424444000000.0,407310000000.0,443194000000.0,558251000000.0,693315000000.0,823361000000.0,973527000000.0,1127370000000.0,1278240000000.0,1230010000000.0,1461710000000.0,1649500000000.0,1712720000000.0,1819940000000.0,1900850000000.0,1695990000000.0,1576540000000.0,1705940000000.0,1774220000000.0,1823370000000.0,1714050000000.0,1926460000000.0,2047350000000.0
Small states,SST,GDP (current US$),NY.GDP.MKTP.CD,129663000000.0,130206000000.0,139256000000.0,166347000000.0,200139000000.0,238393000000.0,277387000000.0,332461000000.0,400482000000.0,343065000000.0,394135000000.0,474786000000.0,496043000000.0,515808000000.0,532806000000.0,454985000000.0,446993000000.0,482865000000.0,530086000000.0,522142000000.0,453728000000.0,540834000000.0,633047000000.0
Sao Tome and Principe,STP,GDP (current US$),NY.GDP.MKTP.CD,,75951131.95,85171073.88,102085765.5,114582282.0,136450658.1,142775109.8,149146918.9,188021169.3,187821029.4,196652514.3,231489270.1,250680845.7,300554483.6,346528329.2,316066072.3,345495615.0,375614126.2,412253809.7,427425039.7,472551023.6,526653790.7,546680341.6
Suriname,SUR,GDP (current US$),NY.GDP.MKTP.CD,947671969.7,834279357.8,1093574468.0,1274190311.0,1484092538.0,1793410617.0,2626380435.0,2936612022.0,3532969035.0,3875409836.0,4368371528.0,4422276622.0,4980000000.0,5145757576.0,5240606061.0,5126238146.0,3317421500.0,3591679371.0,3996198760.0,4016040575.0,2911807496.0,2984706244.0,3620655116.0
Slovak Republic,SVK,GDP (current US$),NY.GDP.MKTP.CD,29242558797.0,30778781607.0,35297794386.0,46919965224.0,57437444469.0,62808723477.0,70767338922.0,86563986799.0,100880000000.0,89399303222.0,91162836320.0,99922685425.0,94623731086.0,98935222175.0,101437000000.0,88900883131.0,89952699525.0,95649966261.0,106138000000.0,105710000000.0,106729000000.0,118657000000.0,115469000000.0
Slovenia,SVN,GDP (current US$),NY.GDP.MKTP.CD,20289627637.0,20876309970.0,23489890274.0,29634713641.0,34414784504.0,36206395971.0,39481045038.0,48067401207.0,55779427740.0,50567734886.0,48208240226.0,51583869785.0,46577793184.0,48415657265.0,49997186439.0,43107506024.0,44766722791.0,48589100043.0,54177882426.0,54331588482.0,53706800044.0,61748586535.0,62117768015.0
Sweden,SWE,GDP (current US$),NY.GDP.MKTP.CD,262834000000.0,242395000000.0,266848000000.0,334337000000.0,385119000000.0,392219000000.0,423091000000.0,491255000000.0,517706000000.0,436536000000.0,495813000000.0,574094000000.0,552484000000.0,586842000000.0,581964000000.0,505104000000.0,515655000000.0,541019000000.0,555455000000.0,533880000000.0,547054000000.0,636856000000.0,585939000000.0
Eswatini,SWZ,GDP (current US$),NY.GDP.MKTP.CD,1738093757.0,1542477309.0,1432221784.0,2197598418.0,2770082792.0,3178112332.0,3291329938.0,3469381231.0,3294084181.0,3580427986.0,4438765109.0,4820478592.0,4886551706.0,4597552949.0,4422986447.0,4063245671.0,3816019223.0,4402969226.0,4666598024.0,4466214522.0,3982236726.0,4748702401.0,4854167638.0
Sint Maarten (Dutch part),SXM,GDP (current US$),NY.GDP.MKTP.CD,,,,,,,,,,,,936089385.5,985865921.8,1022905028.0,1245251397.0,1253072626.0,1263687151.0,1191620112.0,1185474860.0,1459776536.0,1240279330.0,1384636872.0,1571564246.0
Seychelles,SYC,GDP (current US$),NY.GDP.MKTP.CD,654212432.4,662064193.6,742134792.4,750847276.4,893012218.2,977899381.8,1081441349.0,1077308888.0,979597364.9,851064318.8,981918002.9,1059249940.0,1089880668.0,1324915222.0,1387576414.0,1391427967.0,1458954110.0,1529773286.0,1587813245.0,1645090567.0,1183515398.0,1286687873.0,1588406479.0
Syrian Arab Republic,SYR,GDP (current US$),NY.GDP.MKTP.CD,80590022272.0,86771314031.0,90558485523.0,95693808463.0,112863000000.0,134204000000.0,153800000000.0,180030000000.0,218090000000.0,224562000000.0,252518000000.0,67539427671.0,43190317725.0,21361254648.0,21502061462.0,16468399180.0,12598742887.0,16369724433.0,21496337968.0,22600896352.0,11159274040.0,,
Turks and Caicos Islands,TCA,GDP (current US$),NY.GDP.MKTP.CD,,358744800.0,366707900.0,409753600.0,485598800.0,578645800.0,721891500.0,773489700.0,862683600.0,703175800.0,686787800.0,728789600.0,727161000.0,754238000.0,841070000.0,942070000.0,1032452000.0,1022365000.0,1113178000.0,1197415000.0,924583000.0,1044778790.0,1138808881.0
Chad,TCD,GDP (current US$),NY.GDP.MKTP.CD,1388506772.0,1710843376.0,1997005710.0,2742815071.0,4422855658.0,6649307528.0,7428701455.0,8650137735.0,10393833755.0,9290728312.0,10668103549.0,12172308858.0,12367362746.0,12953534870.0,13940767222.0,10950392257.0,10097778097.0,10000394388.0,11239167890.0,11314951088.0,10715396051.0,11779981332.0,12704149842.0
East Asia & Pacific (IDA & IBRD countries),TEA,GDP (current US$),NY.GDP.MKTP.CD,1732060000000.0,1844710000000.0,2041300000000.0,2308410000000.0,2678570000000.0,3102600000000.0,3735650000000.0,4721460000000.0,5970960000000.0,6475880000000.0,7879100000000.0,9632970000000.0,10745100000000.0,11855800000000.0,12782200000000.0,13310300000000.0,13594900000000.0,14858200000000.0,16619100000000.0,17185700000000.0,17465600000000.0,20811300000000.0,21162900000000.0
Europe & Central Asia (IDA & IBRD countries),TEC,GDP (current US$),NY.GDP.MKTP.CD,894545000000.0,909541000000.0,1022700000000.0,1258200000000.0,1628010000000.0,2039290000000.0,2466290000000.0,3172260000000.0,3926650000000.0,3113590000000.0,3657540000000.0,4449680000000.0,4646280000000.0,4915190000000.0,4643780000000.0,3627430000000.0,3485570000000.0,3909150000000.0,4076340000000.0,4156450000000.0,3899330000000.0,4615370000000.0,5185100000000.0
Togo,TGO,GDP (current US$),NY.GDP.MKTP.CD,2027363117.0,2014516701.0,2319268823.0,2875255593.0,3071152629.0,3100356552.0,3195618966.0,3618281293.0,4516616224.0,4592147228.0,4660369658.0,5262368232.0,5263522037.0,5872790935.0,6217047649.0,5681469374.0,6031632015.0,6395472028.0,7029217932.0,6992656429.0,7389329393.0,8334047486.0,8126439481.0
Thailand,THA,GDP (current US$),NY.GDP.MKTP.CD,126392000000.0,120296000000.0,134301000000.0,152281000000.0,172896000000.0,189318000000.0,221758000000.0,262943000000.0,291383000000.0,281711000000.0,341105000000.0,370819000000.0,397558000000.0,420334000000.0,407339000000.0,401296000000.0,413366000000.0,456357000000.0,506754000000.0,543977000000.0,500457000000.0,505568000000.0,495341000000.0
Tajikistan,TJK,GDP (current US$),NY.GDP.MKTP.CD,860541842.3,1080772703.0,1221106073.0,1555318431.0,2076176636.0,2312352268.0,2830213563.0,3719524181.0,5161299725.0,4979471964.0,5642221529.0,6522755783.0,7633036366.0,8448410727.0,9112606075.0,8271431932.0,6992416097.0,7536403147.0,7765000282.0,8300813890.0,8133963813.0,8937805347.0,10492123388.0
Turkmenistan,TKM,GDP (current US$),NY.GDP.MKTP.CD,2904662605.0,3534771969.0,4462028989.0,5977440583.0,6838351088.0,8103901996.0,10276674365.0,12664165103.0,19271523179.0,20214385965.0,22583157895.0,29233333333.0,35164210526.0,39197543860.0,43524210526.0,35799714286.0,36169428571.0,37926285714.0,40765428571.0,44220285714.0,45610571429.0,,
Latin America & the Caribbean (IDA & IBRD countries),TLA,GDP (current US$),NY.GDP.MKTP.CD,2178190000000.0,2120320000000.0,1887240000000.0,1922530000000.0,2225380000000.0,2708930000000.0,3186240000000.0,3773230000000.0,4409100000000.0,4130160000000.0,5159730000000.0,5887030000000.0,5947250000000.0,6095170000000.0,6215500000000.0,5148470000000.0,5015400000000.0,5593220000000.0,5464430000000.0,5371330000000.0,4529220000000.0,5238230000000.0,5945540000000.0
Timor-Leste,TLS,GDP (current US$),NY.GDP.MKTP.CD,367087900.0,477443500.0,469506700.0,490439100.0,440764600.0,462283600.0,453805100.0,542795400.0,648492700.0,726882400.0,881827800.0,1042411500.0,1160389600.0,1395519600.0,1447310400.0,1594447600.0,1650619400.0,1595724300.0,1563887900.0,2028551600.0,2158392500.0,3621222400.0,3163324631.0
Middle East & North Africa (IDA & IBRD countries),TMN,GDP (current US$),NY.GDP.MKTP.CD,531862000000.0,538325000000.0,524741000000.0,573740000000.0,681180000000.0,803411000000.0,936958000000.0,1142500000000.0,1408940000000.0,1370510000000.0,1578100000000.0,1625220000000.0,1752600000000.0,1610530000000.0,1586870000000.0,1425100000000.0,1460440000000.0,1460780000000.0,1383770000000.0,1391490000000.0,1269400000000.0,1488910000000.0,1657890000000.0
Tonga,TON,GDP (current US$),NY.GDP.MKTP.CD,204848436.6,181117272.4,182764299.9,202246621.2,230657579.1,261803692.1,292230634.2,298519087.7,344436494.4,312377751.1,366832186.5,414533045.1,470705334.8,450650718.2,439877675.7,437003006.7,420548768.1,460374252.2,488906860.9,512053639.8,484796858.8,469228124.2,
South Asia (IDA & IBRD),TSA,GDP (current US$),NY.GDP.MKTP.CD,630242000000.0,645679000000.0,677427000000.0,791027000000.0,917083000000.0,1050600000000.0,1196090000000.0,1504160000000.0,1527610000000.0,1683170000000.0,2062470000000.0,2277350000000.0,2302400000000.0,2362710000000.0,2587790000000.0,2704840000000.0,3010760000000.0,3433880000000.0,3534210000000.0,3658000000000.0,3490010000000.0,4062780000000.0,4361630000000.0
Sub-Saharan Africa (IDA & IBRD countries),TSS,GDP (current US$),NY.GDP.MKTP.CD,424444000000.0,407310000000.0,443194000000.0,558251000000.0,693315000000.0,823361000000.0,973527000000.0,1127370000000.0,1278240000000.0,1230010000000.0,1461710000000.0,1649500000000.0,1712720000000.0,1819940000000.0,1900850000000.0,1695990000000.0,1576540000000.0,1705940000000.0,1774220000000.0,1823370000000.0,1714050000000.0,1926460000000.0,2047350000000.0
Trinidad and Tobago,TTO,GDP (current US$),NY.GDP.MKTP.CD,8154342548.0,8824849663.0,9008297748.0,11305459802.0,13280292692.0,15982388173.0,18369361094.0,21641620050.0,27871587350.0,19172165226.0,22157919434.0,25433008605.0,27121712419.0,28557451150.0,29489012807.0,26851970249.0,23496215881.0,23797686962.0,24322359037.0,23849557811.0,21059428846.0,24460196270.0,27899082337.0
Tunisia,TUN,GDP (current US$),NY.GDP.MKTP.CD,21473522939.0,22065840117.0,23141611179.0,27453895159.0,31183893587.0,32272178404.0,34376664601.0,38915343743.0,44859452038.0,43455740497.0,46206091938.0,48123314430.0,47311411910.0,48685436425.0,50271812921.0,45779494042.0,44360065797.0,42163530591.0,42686509836.0,41905637659.0,42538462678.0,46687298709.0,46664948952.0
Turkiye,TUR,GDP (current US$),NY.GDP.MKTP.CD,274295000000.0,201753000000.0,240249000000.0,314596000000.0,408865000000.0,506315000000.0,557076000000.0,681321000000.0,770449000000.0,649289000000.0,776967000000.0,838786000000.0,880556000000.0,957799000000.0,938934000000.0,864314000000.0,869683000000.0,858989000000.0,778477000000.0,759935000000.0,720289000000.0,819034000000.0,905988000000.0
Tuvalu,TUV,GDP (current US$),NY.GDP.MKTP.CD,15073978.45,13964728.72,16842677.17,19456335.93,22798266.6,22909973.98,24096867.47,28450156.79,31874425.95,28076988.13,32105394.15,39196949.34,39345578.22,38615887.03,38760972.42,36811928.82,41629064.97,45276606.0,48015219.95,54123195.27,51746568.7,60196366.81,60349391.1
Tanzania,TZA,GDP (current US$),NY.GDP.MKTP.CD,13375976354.0,13581644246.0,14142035080.0,15224257698.0,16675948415.0,18399046025.0,18649590248.0,21843529025.0,27961527623.0,29081826159.0,32014247548.0,34657141721.0,39650522646.0,45680532614.0,49964825081.0,47378603784.0,49774004999.0,53275968095.0,57003686049.0,61026765850.0,66068737757.0,70655628141.0,75709289056.0
Uganda,UGA,GDP (current US$),NY.GDP.MKTP.CD,6193246837.0,5840503869.0,6178563591.0,6606884274.0,7939487548.0,9239221760.0,9977647685.0,11902564497.0,14440404137.0,25127805566.0,26673441432.0,27871725245.0,27305915908.0,28915786520.0,32612397253.0,32387183733.0,29203988697.0,30744473840.0,32927025621.0,35348155092.0,37605430214.0,40510241366.0,45559202049.0
Ukraine,UKR,GDP (current US$),NY.GDP.MKTP.CD,32375081951.0,39309580983.0,43956163612.0,52010352502.0,67220154164.0,89238865119.0,111885000000.0,148734000000.0,188110000000.0,121552000000.0,141209000000.0,169334000000.0,182592000000.0,190499000000.0,133504000000.0,91030968761.0,93355868978.0,112091000000.0,130891000000.0,153883000000.0,156618000000.0,199766000000.0,160503000000.0
Upper middle income,UMC,GDP (current US$),NY.GDP.MKTP.CD,4418290000000.0,4434160000000.0,4499020000000.0,5052350000000.0,6029940000000.0,7222690000000.0,8602210000000.0,10635700000000.0,12953100000000.0,12520100000000.0,15356300000000.0,18538300000000.0,19829700000000.0,21215600000000.0,21825500000000.0,20518600000000.0,20476300000000.0,22654900000000.0,24340500000000.0,24793000000000.0,23928200000000.0,28475100000000.0,30055300000000.0
Uruguay,URY,GDP (current US$),NY.GDP.MKTP.CD,22823271521.0,20898762265.0,13606515936.0,12045638210.0,13686329890.0,17362857684.0,19741420467.0,23797773024.0,31119603034.0,32708318594.0,41950361212.0,50342405198.0,54232266359.0,61337620936.0,61496186974.0,57680328702.0,57480788380.0,65006047680.0,65203071111.0,62048585619.0,53666908480.0,61412268249.0,71177146197.0
United States,USA,GDP (current US$),NY.GDP.MKTP.CD,10250900000000.0,10581900000000.0,10929100000000.0,11456400000000.0,12217200000000.0,13039200000000.0,13815600000000.0,14474200000000.0,14769900000000.0,14478100000000.0,15049000000000.0,15599700000000.0,16254000000000.0,16843200000000.0,17550700000000.0,18206000000000.0,18695100000000.0,19477300000000.0,20533100000000.0,21381000000000.0,21060500000000.0,23315100000000.0,25462700000000.0
Uzbekistan,UZB,GDP (current US$),NY.GDP.MKTP.CD,13760513969.0,11401421329.0,9687788513.0,10134453435.0,12030023548.0,14307509839.0,17330833853.0,22311393928.0,29549438884.0,33689223673.0,49765676402.0,60178909297.0,67517349212.0,73180037913.0,80845385816.0,86196264742.0,86138288633.0,62081322741.0,52870108218.0,60283503705.0,60224701296.0,69600614989.0,80391853885.0
St. Vincent and the Grenadines,VCT,GDP (current US$),NY.GDP.MKTP.CD,427946037.0,462072333.3,487763851.9,509090888.9,549900185.2,579948925.9,643501148.1,713596666.7,732663259.3,714300259.3,720447888.9,713796370.4,730032592.6,764781259.3,770901436.4,786554580.8,814302267.1,844039068.8,884328180.5,910765709.8,869111852.8,872226063.7,948558503.1
"Venezuela, RB",VEN,GDP (current US$),NY.GDP.MKTP.CD,117146000000.0,122911000000.0,92893587734.0,83620628582.0,112451000000.0,145513000000.0,183478000000.0,230364000000.0,315953000000.0,329788000000.0,393192000000.0,316482000000.0,381286000000.0,371005000000.0,482359000000.0,,,,,,,,
British Virgin Islands,VGB,GDP (current US$),NY.GDP.MKTP.CD,,,,,,,,,,,,,,,,,,,,,,,
Virgin Islands (U.S.),VIR,GDP (current US$),NY.GDP.MKTP.CD,,,3262000000.0,3443000000.0,3797000000.0,4428000000.0,4484000000.0,4784000000.0,4244000000.0,4201000000.0,4324000000.0,4223000000.0,4089000000.0,3738000000.0,3565000000.0,3663000000.0,3798000000.0,3794000000.0,3922000000.0,4117000000.0,4204000000.0,,
Vietnam,VNM,GDP (current US$),NY.GDP.MKTP.CD,31172518403.0,32685198809.0,35064105501.0,39552513231.0,45427854693.0,57633255739.0,66371664817.0,77414425532.0,99130304099.0,106015000000.0,147201000000.0,172595000000.0,195591000000.0,213709000000.0,233451000000.0,239258000000.0,257096000000.0,281354000000.0,310106000000.0,334365000000.0,346616000000.0,366138000000.0,408802000000.0
Vanuatu,VUT,GDP (current US$),NY.GDP.MKTP.CD,272014627.2,257926881.7,262596534.9,314471413.9,364996869.1,394962431.8,439358585.2,516392922.5,590748431.3,592622317.3,670712977.4,770153591.1,747839697.7,758304466.2,772315986.5,730870805.2,780889605.9,880061831.0,914736985.4,936526267.6,909421043.5,971636097.9,983582864.6
World,WLD,GDP (current US$),NY.GDP.MKTP.CD,33845600000000.0,33631000000000.0,34925100000000.0,39161600000000.0,44133600000000.0,47793600000000.0,51791100000000.0,58361100000000.0,64135200000000.0,60817900000000.0,66619800000000.0,73881700000000.0,75525900000000.0,77635200000000.0,79756500000000.0,75215100000000.0,76486500000000.0,81442000000000.0,86502200000000.0,87728100000000.0,85215200000000.0,96882400000000.0,100562000000000.0
Samoa,WSM,GDP (current US$),NY.GDP.MKTP.CD,258856139.8,266299591.5,281790139.0,333426144.5,407747521.1,476801793.2,499923757.8,573548459.8,641346191.7,628006115.4,680260919.9,744096948.5,773141695.1,797736265.9,796683672.8,824150487.2,843924750.7,884844419.8,878448439.5,912950619.4,868898350.4,843850777.8,832421565.4
Kosovo,XKX,GDP (current US$),NY.GDP.MKTP.CD,,,,,,,,,5181776769.0,5015894693.0,5343950626.0,6341614505.0,6163483291.0,6735327512.0,7074392884.0,6295845465.0,6682674063.0,7180768692.0,7878762812.0,7899741279.0,7717143395.0,9412034299.0,9429156202.0
"Yemen, Rep.",YEM,GDP (current US$),NY.GDP.MKTP.CD,9652436180.0,9861560095.0,10694628092.0,11777966673.0,13872791659.0,16746347681.0,19061978586.0,21650532264.0,26910855852.0,25130278254.0,30906749533.0,32726417878.0,35401323350.0,40415233436.0,43228585321.0,42444489461.0,31317824906.0,26842231205.0,21606161066.0,,,,
South Africa,ZAF,GDP (current US$),NY.GDP.MKTP.CD,151753000000.0,135430000000.0,129088000000.0,197019000000.0,255807000000.0,288867000000.0,303859000000.0,333077000000.0,316131000000.0,329754000000.0,417364000000.0,458199000000.0,434401000000.0,400886000000.0,381199000000.0,346710000000.0,323586000000.0,381449000000.0,404159000000.0,388531000000.0,337620000000.0,419016000000.0,405870000000.0
Zambia,ZMB,GDP (current US$),NY.GDP.MKTP.CD,3600631919.0,4094441301.0,4193850445.0,4901869716.0,6221109716.0,8331870169.0,12756858899.0,14056957976.0,17910858638.0,15328342304.0,20265559484.0,23459515276.0,25503060420.0,28037239463.0,27141023558.0,21251216799.0,20958412538.0,25873601261.0,26311506435.0,23308667781.0,18110638619.0,22147649569.0,29784454056.0
Zimbabwe,ZWE,GDP (current US$),NY.GDP.MKTP.CD,6689957600.0,6777384700.0,6342116400.0,5727591800.0,5805598400.0,5755215200.0,5443896500.0,5291950100.0,4415702800.0,9665793300.0,12041655200.0,14101920300.0,17114849900.0,19091020000.0,19495519600.0,19963120600.0,20548678100.0,17584890937.0,34156069918.0,21832234926.0,21509698406.0,28371238666.0,20678055598.0
