Country_Name,Country_Code,Series_Name,Series_Code,2000,2001,2002,2003,2004,2005,2006,2007,2008,2009,2010,2011,2012,2013,2014,2015,2016,2017,2018,2019,2020,2021,2022
Afghanistan,AFG,"Charges for the use of intellectual property, payments (BoP, current US$)",BM.GSR.ROYL.CD,..,..,..,..,..,..,..,..,308406.5,94761.12,27577849.86,47084262.04,10738034.53,10944020.31,107890.1091,242475.5418,36802.95,180660.3999,2402430.875,4778790.721,6111813.816,..,..
Africa Eastern and Southern,AFE,"Charges for the use of intellectual property, payments (BoP, current US$)",BM.GSR.ROYL.CD,396369882.1,458714373.8,587668403.8,762155199.1,1066498400,1260750200,1460852925,1836130528,1913592060,1912270944,2068158357,2218812933,2366000693,2379213510,2368730261,2256460185,2394607871,2552763141,2161661761,1787646005,1671894739,1895894901,1720255711
Africa Western and Central,AFW,"Charges for the use of intellectual property, payments (BoP, current US$)",BM.GSR.ROYL.CD,12565896.59,8571818.725,7642540.627,56895380.22,15260467.69,105306761.3,115950984.5,219481160.7,247502232.9,262738120.5,266899774,251239858.9,283984358.7,278039100.4,289056236.2,276882578.3,273617352.8,278307224.6,332642747.6,500983672.4,436502606.1,518136175.4,254051734
Albania,ALB,"Charges for the use of intellectual property, payments (BoP, current US$)",BM.GSR.ROYL.CD,..,..,..,8358857.12,4942627.61,4204267.362,6768509.008,11850000,12517993.93,14487498.76,12138446.11,12703928.18,23362460.05,22607333.78,21881927.42,24578013.75,23163082.28,13132426.91,26412466.5,34784215.26,38609323.64,34763724.47,31727566.82
Algeria,DZA,"Charges for the use of intellectual property, payments (BoP, current US$)",BM.GSR.ROYL.CD,..,..,..,..,..,2000000,15000000,10547283.08,10163263.96,17088438.14,92466206.42,90367205.16,137274934.9,162112437.3,143997401.9,250010594.1,152897904.4,147268735.1,115089900.8,143098650.4,133392700.5,202987326.1,122677213.9
American Samoa,ASM,"Charges for the use of intellectual property, payments (BoP, current US$)",BM.GSR.ROYL.CD,..,..,..,..,..,..,..,..,..,..,..,..,..,..,..,..,..,..,..,..,..,..,..
Andorra,AND,"Charges for the use of intellectual property, payments (BoP, current US$)",BM.GSR.ROYL.CD,..,..,..,..,..,..,..,..,..,..,..,..,..,..,..,..,..,..,..,264666.1636,482661.2706,596311.5494,..
Angola,AGO,"Charges for the use of intellectual property, payments (BoP, current US$)",BM.GSR.ROYL.CD,5630000,430000,..,..,2495000,3378446.38,1366548.48,1173129.46,470000,20000,6378100,3185000,224315044.6,212220137.3,252852819.1,264702200,212229720,221726875.7,246614994.8,127168951.5,129608227.3,121666360,222726990
Antigua and Barbuda,ATG,"Charges for the use of intellectual property, payments (BoP, current US$)",BM.GSR.ROYL.CD,288888.8889,474814.8148,509629.6296,511081.4815,528748.1481,578800,769324.4444,806277.7778,1886308.889,1190460.37,1200365.556,1094687.037,1147304.444,1181754.444,2975174.815,3074426.822,4026738.886,4961232.208,3790929.211,3964437.185,1307832.815,3187710.404,..
Arab World,ARB,"Charges for the use of intellectual property, payments (BoP, current US$)",BM.GSR.ROYL.CD,423152346,402587709.2,220064041.9,210484830.3,164739257.3,289649778.4,264755627.3,513265852.8,385879185.8,392258199.6,435296352.4,422359090.7,590060804.2,611288303.5,570922126,637828488.8,728556130.8,601386272.5,647807315.8,669028245.5,635735619.5,762787898.1,301703037.6
Argentina,ARG,"Charges for the use of intellectual property, payments (BoP, current US$)",BM.GSR.ROYL.CD,580337544.9,564137635.4,351280000,402950000,520630000,650640000,894824121.7,1174682410,1531726727,1526895361,1712212410,2079139111,2216992900,2329270062,2098996166,2178066124,2108388364,2350351645,2054243293,1688980859,1149104742,1397946196,1706885415
Armenia,ARM,"Charges for the use of intellectual property, payments (BoP, current US$)",BM.GSR.ROYL.CD,..,..,..,..,..,..,..,..,..,..,..,..,..,..,..,..,..,..,..,..,..,..,..
Aruba,ABW,"Charges for the use of intellectual property, payments (BoP, current US$)",BM.GSR.ROYL.CD,458100.5587,1564245.81,3391061.453,4217877.095,4547486.034,6771959.279,10347512,9832402.235,11955307.26,13184357.54,14748603.35,10558659.22,9720670.391,8645172.626,10903194.97,13810224.58,..,..,16533453.29,16848539.33,10210598.31,12319999.12,14197498.47
Australia,AUS,"Charges for the use of intellectual property, payments (BoP, current US$)",BM.GSR.ROYL.CD,1160197303,1001186254,1184791216,1502670172,1743966466,1972287332,2151687683,2809284035,3012858777,2832316675,3423557729,4110573493,4165820497,3913990517,3973566695,3526073729,3331031239,3471857721,3674795660,3455233880,3585412721,3980422321,4049873949
Austria,AUT,"Charges for the use of intellectual property, payments (BoP, current US$)",BM.GSR.ROYL.CD,..,..,..,..,..,1333226508,1597968244,1800773476,2092660688,1712417782,1610873768,1864971068,1955209022,1754327695,1777037546,1459761886,1466531271,1663374078,1860498012,2101791072,1635897814,1815605454,..
Azerbaijan,AZE,"Charges for the use of intellectual property, payments (BoP, current US$)",BM.GSR.ROYL.CD,..,..,2050000,144000,..,46000,1281000,4697000,4827000,19229000,16531000,18423000,28180000,..,..,..,..,..,..,..,..,..,198087000
"Bahamas, The",BHS,"Charges for the use of intellectual property, payments (BoP, current US$)",BM.GSR.ROYL.CD,14200000,13200000,13656000,14600000,18500000,16087000,17670000,19680000,17890000,17480000,10570000,15272000,16753000,19200000,19514760.92,17658586.93,22875962.77,14190513.67,10285993.17,10261087.08,6359970.74,7457374.49,..
Bahrain,BHR,"Charges for the use of intellectual property, payments (BoP, current US$)",BM.GSR.ROYL.CD,..,..,..,..,..,..,..,..,..,..,..,..,..,..,..,..,..,..,..,..,..,..,..
Bangladesh,BGD,"Charges for the use of intellectual property, payments (BoP, current US$)",BM.GSR.ROYL.CD,4420433.713,5501180.321,3126595.325,3714009.002,5091128.134,2744867.845,5241859.55,7675990.798,21923483.75,8385816.874,17636698.54,10470569.01,10816541.94,20488449.15,30127601.64,24374495.85,46541986.24,25938279.03,41791531.83,47747802.84,64723020.59,63112111.56,49515537.08
Barbados,BRB,"Charges for the use of intellectual property, payments (BoP, current US$)",BM.GSR.ROYL.CD,23700000,24300000,24600000,24950000,25014134.73,19056795.12,34399126.82,25952719.09,31817107.51,36771831.54,19151125.03,12675727,9472731.572,12725656.34,13883612.03,17259500.78,13411945.39,14559781.96,..,..,..,..,..
Belarus,BLR,"Charges for the use of intellectual property, payments (BoP, current US$)",BM.GSR.ROYL.CD,2700000,3800000,3200000,5500000,9100000,19500000,50500000,52500000,75200000,76000000,102700000,89200000,106800000,145100000,237300000,132700000,125700000,157100000,178700000,187200000,202400000,248656400,..
Belgium,BEL,"Charges for the use of intellectual property, payments (BoP, current US$)",BM.GSR.ROYL.CD,..,..,741532731.4,983530497.3,1038258097,1048948518,1077146472,1997290657,2023023359,1934877742,1905030685,2895143845,2822609814,3348514804,3404143477,3336208271,2759594691,3591804626,3809794821,3252753486,3221189018,3243962433,4475828563
Belize,BLZ,"Charges for the use of intellectual property, payments (BoP, current US$)",BM.GSR.ROYL.CD,2920196.015,2192434.96,343911.6623,229944.9643,421590.46,390409.2766,381894.1646,863405.5421,743250.8072,1100349.464,1382149.283,1976691.481,2271626.485,2338069.771,4847919.581,4139216.684,2625094.432,3585358.784,7886378.997,7438447.633,5598606.08,9260152.848,12679939.65
Benin,BEN,"Charges for the use of intellectual property, payments (BoP, current US$)",BM.GSR.ROYL.CD,367497.9843,656747.0166,833197.3183,1898611.634,2309713.932,1862464.533,1596399.488,1974369.886,2766815.886,2993875.589,2884026.976,1909819.893,2320997.529,5061757.246,2255156.395,17760.13573,596855.6338,18048.52868,18903.71221,17885.46027,401153.0323,..,..
Bermuda,BMU,"Charges for the use of intellectual property, payments (BoP, current US$)",BM.GSR.ROYL.CD,..,..,..,..,..,..,4690000,4600186.294,6328373.968,9317683.234,8796579.651,9900275.143,10277577.51,10932020.48,11763872.73,8594322.147,8461475.48,8090866.7,6990153.589,4366599.8,3219425.592,3034281.437,..
Bhutan,BTN,"Charges for the use of intellectual property, payments (BoP, current US$)",BM.GSR.ROYL.CD,..,..,..,..,..,..,4023.240922,93074.32339,126846.9715,369573.5846,167599.4428,221228.1435,65332.22774,39214.89741,665037.9805,486417.0298,355875.6014,279474.1542,304211.0002,221116.8312,102284.2923,19896.22975,11156.64838
Bolivia,BOL,"Charges for the use of intellectual property, payments (BoP, current US$)",BM.GSR.ROYL.CD,5000000,5280000,5740000,7990000,9681000,11200000,14421000,16187000,17805000,18650000,19805000,20800500,42441212.07,50427298.2,68285439.41,83568649.7,99382292.88,93745643.08,81071369.89,76817706.71,37680170.56,28856775.07,25194145.04
Bosnia and Herzegovina,BIH,"Charges for the use of intellectual property, payments (BoP, current US$)",BM.GSR.ROYL.CD,..,..,..,..,..,..,8258726.12,9601090.114,10797196.74,5967649.542,5468247.411,4604166.894,9082194.357,7514459.638,6923384.87,9975386.655,7831871.701,8759802.107,8376030.037,13967684.79,13746877.35,15978640.27,15733082.02
Botswana,BWA,"Charges for the use of intellectual property, payments (BoP, current US$)",BM.GSR.ROYL.CD,5776676.591,8682825.228,8440543.37,11905852.25,11035756.13,12310548.69,7340960.156,11367325.88,6546861.082,9290536.305,11408304.98,11216663.13,11888549.42,20994876.18,127632114,86026438.15,113707029,111686618.8,109630583.5,28003854.82,86636001.24,106549535.5,..
Brazil,BRA,"Charges for the use of intellectual property, payments (BoP, current US$)",BM.GSR.ROYL.CD,1414582000,1244319000,1228789000,1227928000,905010000,1404494000,1663677000,2259433000,2697171000,2512044100,3346848904,3865929487,4377895662,4761555280,6147326282,5517267029,5315108648,5402128504,5124101633,5246219108,4062060898,5222174071,7163171035
British Virgin Islands,VGB,"Charges for the use of intellectual property, payments (BoP, current US$)",BM.GSR.ROYL.CD,..,..,..,..,..,..,..,..,..,..,..,..,..,..,..,..,..,..,..,..,..,..,..
Brunei Darussalam,BRN,"Charges for the use of intellectual property, payments (BoP, current US$)",BM.GSR.ROYL.CD,..,2121366.487,2355730.667,2698279.788,3380810.304,3657500.952,5544929.727,6640964.039,7252228.193,7578254.53,..,..,..,..,..,13635732.65,37774081.59,17254031.09,19706483.61,18703446.27,12307985.38,13581563.8,..
Bulgaria,BGR,"Charges for the use of intellectual property, payments (BoP, current US$)",BM.GSR.ROYL.CD,9860817.7,11473845.9,23347047.84,24433653.25,30520223.55,80611097.17,69439205.5,77561078.17,95185418.76,117239687.6,114240000,140180000,184750000,197870000,229820000,185840000,183510000,178800000,208970000,258550000,264050000,307810000,266370000
Burkina Faso,BFA,"Charges for the use of intellectual property, payments (BoP, current US$)",BM.GSR.ROYL.CD,..,..,..,..,..,4195286.707,15313.18454,167142.4242,186098.6374,514572.3669,111157.3116,284350.9619,301631.7464,301478.2616,251135.5123,233418.9267,460677.3764,439157.9021,480694.3963,467647.8063,460912.8747,464061.163,..
Burundi,BDI,"Charges for the use of intellectual property, payments (BoP, current US$)",BM.GSR.ROYL.CD,..,..,..,..,..,..,..,..,..,..,..,620741.0618,16637.71675,..,186721.7234,3244.484641,150910.1751,19201.23998,4711.486316,..,..,..,..
Cabo Verde,CPV,"Charges for the use of intellectual property, payments (BoP, current US$)",BM.GSR.ROYL.CD,..,136219.3056,193783.6866,47776.39577,256892.6938,68001.46525,2245.900895,1289652.377,34422.24736,..,343346.4352,..,73921.97125,110127.257,4795783.85,8051787.06,2401054.945,5757382.691,11338112.59,10027653.92,3695371.616,1357429.115,1211734.022
Cambodia,KHM,"Charges for the use of intellectual property, payments (BoP, current US$)",BM.GSR.ROYL.CD,4435554.202,4767498.286,5219087.228,6011050.77,6364995.097,7277620.024,6979500,10224000,6388500,8416000,6280500,10102500,11139000,11889000,20506256.61,12465615.56,10412895.41,12678687.63,27718787.99,26268005.56,20900816.28,18597536.43,37606655.51
Cameroon,CMR,"Charges for the use of intellectual property, payments (BoP, current US$)",BM.GSR.ROYL.CD,4607664.383,1965325.687,572715.0425,1714096.244,1934243.194,8216085.902,5231366.667,5710003.066,16177128.54,8024777.326,11608865.42,10879607.32,7360598.071,7843699.029,7999881.239,7019482.216,905736.2624,4253982.769,2347496.662,1947036.745,2099252.21,12524891.97,..
Canada,CAN,"Charges for the use of intellectual property, payments (BoP, current US$)",BM.GSR.ROYL.CD,3563235579,3543578555,4479912201,5454962204,6456200016,6959129029,7083070777,8162785542,8923454841,8922065283,9731280814,10411408151,10901911781,11801326421,11712157364,10732654496,11567469044,11833542181,12724585776,13588255249,13881367078,16562479596,16287903657
Caribbean small states,CSS,"Charges for the use of intellectual property, payments (BoP, current US$)",BM.GSR.ROYL.CD,96575751.57,87461323.85,96757441.29,73326422.74,77531998.93,72339941.43,92922873.43,139842023,137094955.1,136343459.4,112457442.8,189561816.6,207362528.9,244522016,223844636.4,229673951.3,209320773,187435431.3,183768883.5,161841582.1,132118370,154539270,70099493.36
Cayman Islands,CYM,"Charges for the use of intellectual property, payments (BoP, current US$)",BM.GSR.ROYL.CD,..,..,..,..,..,..,..,..,..,..,..,..,..,..,..,..,81139539.09,68007595.05,74328319.86,74938827.49,91108691.08,..,..
Central African Republic,CAF,"Charges for the use of intellectual property, payments (BoP, current US$)",BM.GSR.ROYL.CD,..,..,..,..,..,..,..,..,..,..,..,..,..,..,..,..,..,..,..,..,..,..,..
Central Europe and the Baltics,CEB,"Charges for the use of intellectual property, payments (BoP, current US$)",BM.GSR.ROYL.CD,1138654453,1144399891,1445486400,1818800409,2535727894,3227397144,3691050153,4750516841,6522444804,5642098501,6416884309,7225401424,6701606755,8151917956,8465742261,7822826434,7682191154,8536982363,9459612919,9668027384,8860471010,10468322193,10252632041
Chad,TCD,"Charges for the use of intellectual property, payments (BoP, current US$)",BM.GSR.ROYL.CD,..,..,..,..,..,..,..,..,..,..,..,..,..,..,..,..,..,..,..,..,..,..,..
Channel Islands,CHI,"Charges for the use of intellectual property, payments (BoP, current US$)",BM.GSR.ROYL.CD,..,..,..,..,..,..,..,..,..,..,..,..,..,..,..,..,..,..,..,..,..,..,..
Chile,CHL,"Charges for the use of intellectual property, payments (BoP, current US$)",BM.GSR.ROYL.CD,297470000,268598924,250600000,257124131.2,307300000,347500000,383708785.1,447500000,538619514.5,596536869.5,726289314.4,773559649.6,1072980132,1418818378,1614627539,1635419969,1730596607,1709057253,2034376888,1878506475,1511563046,1689634052,1324660664
China,CHN,"Charges for the use of intellectual property, payments (BoP, current US$)",BM.GSR.ROYL.CD,1280970000,1938000000,3114004041,3548126752,4496604796,5321253863,6634081020,8192067402,10319466356,11065271082,13039546459,14706108691,17748983437,21033078371,22613800782,22022366055,23979580208,28746479819,35782953953,34370466478,37870654560,46894697501,44474106058
Colombia,COL,"Charges for the use of intellectual property, payments (BoP, current US$)",BM.GSR.ROYL.CD,74072082.03,77274090.82,80104996.09,77372537.11,87676363.28,122467029.3,140808115.2,347620984.4,470855703.1,510385125,615031453.1,753789593.8,947980078.1,1282431219,1401046313,1345633688,1257276813,1275576188,1412618281,1334981000,1122727656,1358180421,1567576146
Comoros,COM,"Charges for the use of intellectual property, payments (BoP, current US$)",BM.GSR.ROYL.CD,..,..,..,..,..,..,..,..,..,..,..,..,..,..,311737.4819,775837.4345,639722.2088,423791.1837,465764.0328,522475.4395,674544.2943,2060441.937,..
"Congo, Dem. Rep.",COD,"Charges for the use of intellectual property, payments (BoP, current US$)",BM.GSR.ROYL.CD,..,..,..,..,..,2100000,1900000,1900000,2600000,34300000,..,..,..,20300000,10736427.23,..,..,..,..,..,..,..,..
"Congo, Rep.",COG,"Charges for the use of intellectual property, payments (BoP, current US$)",BM.GSR.ROYL.CD,..,..,..,..,..,..,..,..,..,..,..,..,..,..,..,..,3764729.768,..,..,32059475.89,7277800.306,..,..
Costa Rica,CRI,"Charges for the use of intellectual property, payments (BoP, current US$)",BM.GSR.ROYL.CD,49833730,49021813.48,51154010,63871136,51358969,56875640,87482020,52944749.88,86390876.1,119400565.1,158855730.1,214778112,310560930.4,374402372.6,454698564.8,495827687.8,503368674.6,538240000,623646376.5,594092066.9,591453204,624290765.1,743019289.3
Cote d'Ivoire,CIV,"Charges for the use of intellectual property, payments (BoP, current US$)",BM.GSR.ROYL.CD,..,..,..,..,..,10319419.07,9564997.89,21998032.3,21246859.01,20431903.47,17445634.8,18450982.19,17200746.2,3891114.524,2894134.251,2564225.311,2713440.371,3091086.087,10023144.29,10699559.93,11428526.66,12613368.95,..
Croatia,HRV,"Charges for the use of intellectual property, payments (BoP, current US$)",BM.GSR.ROYL.CD,60522820.75,62512938.92,77182623.86,130643616,145414969.5,192496176.9,174577804,213320601.2,258616774.4,212636457.4,224741363.1,262289982.5,307359863.6,281192019.4,275975835.6,267800175.3,269102708.7,307566945.9,311309985.5,328799390.4,312130451.1,376123554.8,387783909.8
Cuba,CUB,"Charges for the use of intellectual property, payments (BoP, current US$)",BM.GSR.ROYL.CD,..,..,..,..,..,..,..,..,..,..,..,..,..,..,..,..,..,..,..,..,..,..,..
Curacao,CUW,"Charges for the use of intellectual property, payments (BoP, current US$)",BM.GSR.ROYL.CD,..,..,..,..,..,..,..,..,..,..,..,25569832.4,22229050.28,29363128.49,29184357.54,26212290.5,28167597.77,27905027.93,26674949.93,25626188.44,25047718.75,33489919.09,..
Cyprus,CYP,"Charges for the use of intellectual property, payments (BoP, current US$)",BM.GSR.ROYL.CD,20725917.49,20199182.88,14987397.98,38640483.76,53379644.47,44655062.13,60437219.98,55607286.92,70969541.64,..,..,..,127245097.5,..,..,..,..,232194731.6,..,259717577.7,300267056.8,359414467.5,243886540
Czechia,CZE,"Charges for the use of intellectual property, payments (BoP, current US$)",BM.GSR.ROYL.CD,81725597.71,92705740.48,119236203.2,175866289.6,173666458.2,503693935.3,551382615.6,694050965.8,859173450.8,842489141.2,945086547.4,1179217303,1042852406,1160503560,1343830327,1227305475,1193119443,1243172655,1492994404,1511179525,1390422197,1614070192,1633672402
Denmark,DNK,"Charges for the use of intellectual property, payments (BoP, current US$)",BM.GSR.ROYL.CD,..,..,..,..,..,887513470.9,948675334.3,885829978.1,1194906781,1379559872,1325847663,1412631900,1392512982,1735972102,1695330425,1530214735,1625778239,1488297357,1584730653,1528895648,1562906220,1714649845,1902986758
Djibouti,DJI,"Charges for the use of intellectual property, payments (BoP, current US$)",BM.GSR.ROYL.CD,..,..,..,..,..,..,..,..,..,..,..,..,..,..,..,..,..,..,..,..,..,..,..
Dominica,DMA,"Charges for the use of intellectual property, payments (BoP, current US$)",BM.GSR.ROYL.CD,118518.5185,107037.037,122962.963,64481.48148,80211.11111,113200,235233.3333,612340.7407,619140.7407,435029.6296,1242888.889,608970.3704,594080.7407,594080.7407,586672.2074,672686.2852,674278.8778,652481.8407,1098511.17,1098511.17,179356.1521,1035895.435,..
Dominican Republic,DOM,"Charges for the use of intellectual property, payments (BoP, current US$)",BM.GSR.ROYL.CD,29700000,22000000,29600000,30100000,30100000,30800000,31500000,31900000,50700000,53400000,67100000,71400000,59200000,63700000,81400000,88900000,98400000,134000000,34600000,41500000,81900000,121400000,152300000
Early-demographic dividend,EAR,"Charges for the use of intellectual property, payments (BoP, current US$)",BM.GSR.ROYL.CD,3178367909,3298368519,4879694677,5227274142,7106129768,7990080180,9011712564,10721711506,11961253618,12458660734,14291579355,15926730162,18031386079,18999305115,20380084519,20295130910,21675018148,23231393535,25253314863,24532462353,22926968475,26218331285,27714093894
East Asia & Pacific,EAS,"Charges for the use of intellectual property, payments (BoP, current US$)",BM.GSR.ROYL.CD,24079795019,24666966636,26434006600,30165354252,37938411910,42299013315,44932383358,49952582717,58979206784,59274292294,70782363162,76032511349,84206845726,87129473192,90186146121,82916693663,83509921627,91084519385,1.01499E+11,1.03134E+11,1.06519E+11,1.21883E+11,1.15588E+11
East Asia & Pacific (excluding high income),EAP,"Charges for the use of intellectual property, payments (BoP, current US$)",BM.GSR.ROYL.CD,2739242409,3676886338,5088691134,5883111398,8247013943,9603182714,10864942032,13150289085,15881208359,16400044101,19511730292,21709975236,25202087206,29319314013,30756881000,30015560095,31868887214,37574763748,45557074836,44635419096,46866797889,57521372772,55172268222
East Asia & Pacific (IDA & IBRD countries),TEA,"Charges for the use of intellectual property, payments (BoP, current US$)",BM.GSR.ROYL.CD,2739242409,3676886338,5088691134,5883111398,8247013943,9603182714,10864942032,13150289085,15881208359,16400044101,19511730292,21709975236,25202087206,29319314013,30756881000,30015560095,31868887214,37574763748,45557074836,44635419096,46866797889,57521372772,55172268222
Ecuador,ECU,"Charges for the use of intellectual property, payments (BoP, current US$)",BM.GSR.ROYL.CD,62000000,52000000,43857142.86,43073979.59,43455357.14,42857302.3,44243378.51,45289183.04,46993142.57,47457318.4,54051146.24,65761531.27,90468876.14,125980953.7,110557408,72456488.63,63080134.42,91245028.74,180748000,138706508,139640396,213981045,221056929.3
"Egypt, Arab Rep.",EGY,"Charges for the use of intellectual property, payments (BoP, current US$)",BM.GSR.ROYL.CD,401000000,360900000,171100000,165000000,108100000,182000000,159200000,240600000,321600000,284500000,226000000,231600000,344700000,327500000,241500000,213800000,187700000,254500000,298000000,294000000,297000000,343000000,..
El Salvador,SLV,"Charges for the use of intellectual property, payments (BoP, current US$)",BM.GSR.ROYL.CD,20500000,22100000,20400000,22200000,17750000,30400000,27300000,24100000,33700000,26050000,31490000,39934371.44,54681828.7,71564697.09,68550429.24,70203548.96,136773816.8,138322271.5,88993637.94,97691759.79,97726353.84,111820409.2,123783408.8
Equatorial Guinea,GNQ,"Charges for the use of intellectual property, payments (BoP, current US$)",BM.GSR.ROYL.CD,..,..,..,..,..,..,..,..,..,..,..,..,..,..,..,..,..,..,..,..,..,..,..
Eritrea,ERI,"Charges for the use of intellectual property, payments (BoP, current US$)",BM.GSR.ROYL.CD,281121.134,..,..,..,..,..,..,..,..,..,..,..,..,..,..,..,..,..,..,..,..,..,..
Estonia,EST,"Charges for the use of intellectual property, payments (BoP, current US$)",BM.GSR.ROYL.CD,7909800.996,11232525.44,14113255.15,..,..,..,..,..,49797157.79,45861418.97,60041345.41,74447963.38,61274606.29,49014653.79,61551392.44,43591116.46,51669819.03,62014803.52,66881559.96,63213681.88,56938618.96,78261754.95,64542862.55
Eswatini,SWZ,"Charges for the use of intellectual property, payments (BoP, current US$)",BM.GSR.ROYL.CD,35064844.3,42800355.47,54075391.24,71181077.94,75601431.49,105433147.2,106405636.6,120988053.8,119690735.9,116340361.5,16308752.91,2678419.115,2362605.013,2006990.404,1811254.776,1424807.333,1097572.648,3173476.842,5333009.918,7837969.986,32785514.01,18885076.63,..
Ethiopia,ETH,"Charges for the use of intellectual property, payments (BoP, current US$)",BM.GSR.ROYL.CD,316615.0033,101146.5583,396117.5584,88288.33945,450079.3329,575608.0438,844549.2813,2070545.555,1728785.563,2826017.047,993167.1947,2983179.514,2458491.293,538887.9529,2190854.732,3838616.245,1115301.752,9802537.589,26729370.57,3025656.188,2325743.277,7417441.476,..
Euro area,EMU,"Charges for the use of intellectual property, payments (BoP, current US$)",BM.GSR.ROYL.CD,15280876061,15026665229,16117711783,19481104130,42496903179,68104548879,73694918594,84858498013,1.07602E+11,99842301927,1.02622E+11,1.1113E+11,1.0462E+11,1.19967E+11,1.48528E+11,1.8765E+11,1.60952E+11,1.71432E+11,1.87759E+11,1.91952E+11,1.91204E+11,2.16687E+11,2.19103E+11
Europe & Central Asia,ECS,"Charges for the use of intellectual property, payments (BoP, current US$)",BM.GSR.ROYL.CD,27544276458,26874260938,30134442202,35764004595,63369992318,94360538237,1.00888E+11,1.14924E+11,1.44066E+11,1.36851E+11,1.43911E+11,1.62196E+11,1.55938E+11,1.75055E+11,2.09564E+11,2.44657E+11,2.13678E+11,2.31433E+11,2.5394E+11,2.62314E+11,2.67893E+11,3.00219E+11,2.99762E+11
Europe & Central Asia (excluding high income),ECA,"Charges for the use of intellectual property, payments (BoP, current US$)",BM.GSR.ROYL.CD,952925771.6,693870893.9,629544328.2,1241422421,1781148974,2554570651,3123467345,4354820260,6512087713,5784537814,6981590706,7887146839,9913813261,11901144929,11188467704,8406185761,8032647415,9048007294,10188643241,10934909442,11060144872,12220191089,9347351258
Europe & Central Asia (IDA & IBRD countries),TEC,"Charges for the use of intellectual property, payments (BoP, current US$)",BM.GSR.ROYL.CD,1613448592,1324383833,1348726952,2197066037,2917563944,3956341825,4846469230,6391110409,8889636925,7906438996,9899354070,11038853011,13005698321,15755140371,15310739722,11939433903,11825770202,13433611764,15101337873,15934444002,15793117765,17771651376,14689095679
European Union,EUU,"Charges for the use of intellectual property, payments (BoP, current US$)",BM.GSR.ROYL.CD,17283500054,16908937546,18315587504,22376967114,46306353464,73598226732,79847269317,92160471958,1.16788E+11,1.08141E+11,1.11223E+11,1.20973E+11,1.14512E+11,1.31732E+11,1.61522E+11,2.00398E+11,1.72526E+11,1.85445E+11,2.02479E+11,2.08901E+11,2.09844E+11,2.38777E+11,2.44573E+11
Faroe Islands,FRO,"Charges for the use of intellectual property, payments (BoP, current US$)",BM.GSR.ROYL.CD,2640000,3090000,2990000,3150000,4244159.265,3073552.786,3695374.322,8655537.669,9562965.154,8969394.357,7676053.081,9076741.924,..,..,..,..,..,..,..,..,..,..,..
Fiji,FJI,"Charges for the use of intellectual property, payments (BoP, current US$)",BM.GSR.ROYL.CD,717136.3151,481480.6182,1460300.327,1002151.589,751638.7778,1182293.695,981659.3273,1626870.292,2448440.705,1344026.504,886338.0469,2358318.627,2569654.105,2337084.68,3169561.278,3916729.28,5975266.753,8092808.463,6688794.481,6344078.05,6117035.769,2276712.592,2572793.656
Finland,FIN,"Charges for the use of intellectual property, payments (BoP, current US$)",BM.GSR.ROYL.CD,565058183.8,533700641.7,605924790.1,616276302.2,800565236.1,1122659918,..,..,2253386655,1477245036,1508665558,1576638925,1774389256,1917947814,1178587922,832316827.1,876927845,1022698642,1066485645,1000220941,1209456424,1110538038,1062799683
Fragile and conflict affected situations,FCS,"Charges for the use of intellectual property, payments (BoP, current US$)",BM.GSR.ROYL.CD,854086770.5,446336589,326462928.5,538511183.5,504886796,805315271.2,813283121.6,1259412482,1351890090,1299770008,1433458182,1447983247,1455463901,1846990257,1612120398,1373951716,1385222102,801567909.7,969977045.7,985974037.1,790543039.1,1037297379,518636440.6
France,FRA,"Charges for the use of intellectual property, payments (BoP, current US$)",BM.GSR.ROYL.CD,4416719402,4095839453,4547619885,5154463499,5800016169,6182912479,7028743115,7672468333,10435073227,8387238481,10014878126,10545784932,8754182545,11054534501,12764952188,15660393096,14758389447,15849154072,14350603897,12396256258,12505733388,13127793210,12797988675
French Polynesia,PYF,"Charges for the use of intellectual property, payments (BoP, current US$)",BM.GSR.ROYL.CD,..,..,1553675.587,1872659.825,1716861.907,1486368.219,1577287.841,731320.1793,1722481.01,2833258.433,3268450.686,3759330.015,3509026.284,3246825.462,3018578.405,3475548.623,3333941.191,..,..,..,..,..,..
Gabon,GAB,"Charges for the use of intellectual property, payments (BoP, current US$)",BM.GSR.ROYL.CD,..,..,..,..,..,..,..,..,..,..,..,..,..,..,..,..,..,..,..,..,..,..,..
"Gambia, The",GMB,"Charges for the use of intellectual property, payments (BoP, current US$)",BM.GSR.ROYL.CD,..,..,..,..,..,..,..,..,..,..,..,..,..,..,..,..,..,..,..,..,..,..,..
Georgia,GEO,"Charges for the use of intellectual property, payments (BoP, current US$)",BM.GSR.ROYL.CD,7144248.79,6753653.31,10685440,10601494.04,5671521.36,5320755.08,5023551.11,4871460.38,8403513.81,8559176.97,7404609.48,7956804.44,7590401.93,13438271.71,19348328.75,6985876.37,19491612.75,24691784.03,27053208.22,40652755.9,54890643.85,61629499.6,..
Germany,DEU,"Charges for the use of intellectual property, payments (BoP, current US$)",BM.GSR.ROYL.CD,4414303164,4317017245,3545971639,4116085265,4514202955,7208115338,7082602231,7499376291,8632835619,7008622136,7115326142,7405166332,6396891368,8696432170,10729008199,10117945574,11295106926,14364977912,16367799982,16959534532,17296745186,21573906540,19844477984
Ghana,GHA,"Charges for the use of intellectual property, payments (BoP, current US$)",BM.GSR.ROYL.CD,..,..,..,..,..,..,..,..,..,..,..,..,..,..,..,..,..,..,44881239.68,189994769.1,156694904.5,237098204.2,..
Gibraltar,GIB,"Charges for the use of intellectual property, payments (BoP, current US$)",BM.GSR.ROYL.CD,..,..,..,..,..,..,..,..,..,..,..,..,..,..,..,..,..,..,..,..,..,..,..
Greece,GRC,"Charges for the use of intellectual property, payments (BoP, current US$)",BM.GSR.ROYL.CD,202864432.7,225068410.5,287639249.7,334838120,466062588.7,441508052.7,406104697.2,600153526,713441167.6,654722897.3,626946377.4,556622104.3,370769831,322272258.6,445973221.3,290739287.5,246662484,347582001.5,382963979.6,321456877.1,320133707.8,351027037,279990877.9
Greenland,GRL,"Charges for the use of intellectual property, payments (BoP, current US$)",BM.GSR.ROYL.CD,..,..,..,..,..,..,..,..,..,..,..,..,..,..,..,..,..,..,..,..,..,..,..
Grenada,GRD,"Charges for the use of intellectual property, payments (BoP, current US$)",BM.GSR.ROYL.CD,607407.4074,674074.0741,444444.4444,570370.3704,788888.8889,885203.7037,2366511.111,2533894.074,3024590.741,3492194.815,5502012.222,5615735.926,6213040.37,6465571.111,8207337.131,9366087.701,9945231.109,8783540.507,12214406.07,13662922.36,11166960.76,11996724.09,..
Guam,GUM,"Charges for the use of intellectual property, payments (BoP, current US$)",BM.GSR.ROYL.CD,..,..,..,..,..,..,..,..,..,..,..,..,..,..,..,..,..,..,..,..,..,..,..
Guatemala,GTM,"Charges for the use of intellectual property, payments (BoP, current US$)",BM.GSR.ROYL.CD,..,..,..,..,39900000,49400000,60200000,72100000,71710050,85633650,88639330,89808790,93742530,104190630,134841560,153058570,170383790,194885240,209674630,241960110,259562200,315762140,..
Guinea,GIN,"Charges for the use of intellectual property, payments (BoP, current US$)",BM.GSR.ROYL.CD,..,1026510,760000,873050,210000,870000,210000,30000,420000,180000,1200000,770000,620000,..,..,..,..,..,..,..,..,..,..
Guinea-Bissau,GNB,"Charges for the use of intellectual property, payments (BoP, current US$)",BM.GSR.ROYL.CD,..,..,67432.99206,..,3785.836664,..,..,..,..,..,..,..,..,..,..,2367.065966,..,..,..,..,..,..,..
Guyana,GUY,"Charges for the use of intellectual property, payments (BoP, current US$)",BM.GSR.ROYL.CD,10800000,5400000,21600000,17600000,18522000,19448000,20421000,21442000,22513606.76,22963878.9,28015932.26,34179437.35,41698913.57,65990000,23943000,18244000,13827630,9405354.444,5260000,3677280,2426130,2985672.593,..
Haiti,HTI,"Charges for the use of intellectual property, payments (BoP, current US$)",BM.GSR.ROYL.CD,..,..,900000,400000,370000,400000,500000,400000,400000,400000,480000,520000,1640000,1586440,2163920,1642260,..,..,..,..,..,..,..
Heavily indebted poor countries (HIPC),HPC,"Charges for the use of intellectual property, payments (BoP, current US$)",BM.GSR.ROYL.CD,58108195.2,47186311.56,82019245.16,68144521.56,89413371.42,113142261.5,130050120.9,185581832.4,184045605.3,211449780.7,197265163,206120809,210163453.9,319009966.4,259492528.6,248833395.7,254852388.4,306496120.6,377605285.8,529988992,410864797.6,516246264.7,149483535.1
High income,HIC,"Charges for the use of intellectual property, payments (BoP, current US$)",BM.GSR.ROYL.CD,68401643646,67751301227,75155399951,83737680186,1.21501E+11,1.56721E+11,1.6339E+11,1.81784E+11,2.19848E+11,2.15581E+11,2.32356E+11,2.5467E+11,2.53976E+11,2.71396E+11,3.1081E+11,3.38785E+11,3.14993E+11,3.36542E+11,3.60637E+11,3.71246E+11,3.83569E+11,4.18264E+11,4.21565E+11
Honduras,HND,"Charges for the use of intellectual property, payments (BoP, current US$)",BM.GSR.ROYL.CD,13800000,15700000,15400000,19117000,19444940,20910350,26751868.55,27747055.11,25381640,25680000,30380000,35154664.84,38670131.32,85312365.83,75110955.92,59033072.64,66573650.27,109405527.9,115060498.6,84546357.75,62388066,93915339.06,102302654.4
"Hong Kong SAR, China",HKG,"Charges for the use of intellectual property, payments (BoP, current US$)",BM.GSR.ROYL.CD,461122758.5,491103104.2,695994666.5,864428601.8,1111347424,1288812729,1357493082,1504417242,1610465042,1699752586,1978131461,2009279637,2018574965,2027166770,1938286852,1860613528,1882822751,1924781218,1993170615,1979477323,1759723742,2037243795,..
Hungary,HUN,"Charges for the use of intellectual property, payments (BoP, current US$)",BM.GSR.ROYL.CD,258734878.2,269492894.8,416530257.1,463929314.8,1053803576,1107702919,1169130363,1752222005,2596029138,1981316302,1799363441,2034865903,1701009788,1966063664,1701540946,2006472537,1446684698,1597954988,1628927748,1701673073,1408457720,1661069518,1361684817
IBRD only,IBD,"Charges for the use of intellectual property, payments (BoP, current US$)",BM.GSR.ROYL.CD,8646740385,9235433823,12154308877,14030357921,17428241616,21197279718,24440482473,30457796319,37045529040,36952468585,44666418910,50267492700,58958439627,67247358949,70553391366,66019793446,68322083228,77473478838,89273892582,87579069490,86528372771,1.02721E+11,1.00268E+11
Iceland,ISL,"Charges for the use of intellectual property, payments (BoP, current US$)",BM.GSR.ROYL.CD,..,..,..,..,..,..,..,..,..,46763922.05,80111587.13,68399224.83,78598088.32,77949482.46,119197270.8,83750707.96,105225068.8,116324860.6,132737142.3,96747922.45,65792259.76,65200016.7,75438957.32
IDA & IBRD total,IBT,"Charges for the use of intellectual property, payments (BoP, current US$)",BM.GSR.ROYL.CD,8828076760,9379964434,12309225465,14244968685,17677691667,21559846383,24836399996,30990144795,37626943772,37542279379,45341814739,50904255069,59707513642,68111337724,71731331214,67164844524,69662774714,78547160624,90382581239,88864608309,87701165739,1.04037E+11,1.01029E+11
IDA blend,IDB,"Charges for the use of intellectual property, payments (BoP, current US$)",BM.GSR.ROYL.CD,113470722,86411852.34,65700675.09,131161140.9,142905036.4,227109541.3,223443849.3,322551461,367225484.4,346795933.4,429732664.3,419742487.2,543117911.6,545280335.7,620572597.9,653689613.7,670628533.4,761538666.4,672078909.6,734440776.5,669420722.7,683279034.2,479093565.6
IDA only,IDX,"Charges for the use of intellectual property, payments (BoP, current US$)",BM.GSR.ROYL.CD,67865653.68,58118759.18,89215913.26,83449623.05,106545014.1,135457122.9,172473673.7,209797015.5,214189247.1,243014860.8,245663164,217019881.7,205956103.7,318698438.4,557367249.9,491361464.8,670062952.5,312143120.1,436609747,551098042.5,503372245.9,632560641.8,281870834.7
IDA total,IDA,"Charges for the use of intellectual property, payments (BoP, current US$)",BM.GSR.ROYL.CD,181336375.6,144530611.5,154916588.4,214610763.9,249450050.5,362566664.3,395917523,532348476.5,581414731.5,589810794.2,675395828.3,636762369,749074015.3,863978774.1,1177939848,1145051078,1340691486,1073681787,1108688657,1285538819,1172792969,1315839676,760964400.3
India,IND,"Charges for the use of intellectual property, payments (BoP, current US$)",BM.GSR.ROYL.CD,282463092.3,317035850.7,345233067,549887942.1,611481232.4,671829366.3,845949436,1159824391,1528826913,1860070100,2438302981,2819291079,3990055617,3903908830,4848711889,5009034407,5466041710,6515405394,7905957777,7889685402,7241107557,8631569309,10427794881
Indonesia,IDN,"Charges for the use of intellectual property, payments (BoP, current US$)",BM.GSR.ROYL.CD,..,..,..,..,990320000,960870000,872228637,1085450000,1327681814,1530107289,1616459043,1787966703,1800089222,1736373354,1861866472,1652686736,1732362913,1900641453,1470072410,1804721423,1530064502,1776614142,2018664741
"Iran, Islamic Rep.",IRN,"Charges for the use of intellectual property, payments (BoP, current US$)",BM.GSR.ROYL.CD,..,..,..,..,..,..,..,..,..,..,..,..,..,..,..,..,..,..,..,..,..,..,..
Iraq,IRQ,"Charges for the use of intellectual property, payments (BoP, current US$)",BM.GSR.ROYL.CD,..,..,..,..,..,28600000,..,203600000,100000,400000,5300000,..,..,400000,1000000,1400000,1500000,5700000,7800000,10200000,4900000,4800000,..
Ireland,IRL,"Charges for the use of intellectual property, payments (BoP, current US$)",BM.GSR.ROYL.CD,..,..,..,..,..,19214895717,22041813683,24012890154,35450512680,35043049664,37458289198,40850357076,38193322608,42172564892,57267745573,70703012434,76560417794,75297536577,85482296094,94262327695,96825073581,1.33014E+11,1.36911E+11
Isle of Man,IMN,"Charges for the use of intellectual property, payments (BoP, current US$)",BM.GSR.ROYL.CD,..,..,..,..,..,..,..,..,..,..,..,..,..,..,..,..,..,..,..,..,..,..,..
Israel,ISR,"Charges for the use of intellectual property, payments (BoP, current US$)",BM.GSR.ROYL.CD,360600000,459600000,461800000,433400000,490700000,541900000,680900000,912800000,908300000,898600000,831500000,1068300000,1111700000,998000000,1135700000,1061600000,1202100000,1351600000,1381900000,1520200000,1669800000,2176500000,2689800000
Italy,ITA,"Charges for the use of intellectual property, payments (BoP, current US$)",BM.GSR.ROYL.CD,2621860111,2868963292,3231625816,4315235434,4964976033,5517920061,6544011252,8008964321,7233846031,6142374753,6545120562,6609329693,5585999530,5387501410,5179740482,4320634262,4680064924,4783536892,5141287990,4952836478,4202673105,5061604128,5228958715
Jamaica,JAM,"Charges for the use of intellectual property, payments (BoP, current US$)",BM.GSR.ROYL.CD,41000000,38300000,32100000,10800000,9082033,10954140.74,11164167.27,60382721.7,48152311.87,44823553.95,36279447.73,47410236.73,60119539.63,55850569.29,50762247.77,50756619.68,50756619.68,51414871.82,51170096.18,50756619.68,50756619.68,50756619.68,50756619.68
Japan,JPN,"Charges for the use of intellectual property, payments (BoP, current US$)",BM.GSR.ROYL.CD,11006793150,11098561971,11020739909,11003388852,13644338678,14653524495,15500422630,16677754114,18311541939,16834677241,18768647813,19172720512,19897558093,17831143180,20941598563,17033762146,20246369822,21381387584,21993730962,26774027971,28550217207,29653031448,27797728102
Jordan,JOR,"Charges for the use of intellectual property, payments (BoP, current US$)",BM.GSR.ROYL.CD,..,..,..,..,..,..,..,..,..,..,..,..,..,..,2394366.197,14788732.39,24084507.04,21267605.63,23521126.76,27183098.59,24507042.25,28028169.01,..
Kazakhstan,KAZ,"Charges for the use of intellectual property, payments (BoP, current US$)",BM.GSR.ROYL.CD,11762250,13633443,19912050,19631955,25710836,30903834,48439128,67989400,86660560,65089100,85536930,94623340,152394296,147894953.5,93680130,149088505,126873670,117050999.3,167710230,141641590,146488695,231453628.1,300714670.6
Kenya,KEN,"Charges for the use of intellectual property, payments (BoP, current US$)",BM.GSR.ROYL.CD,77305180.52,62162530.43,42413135.3,39191514.88,50346909.84,36900044.49,19722101.69,23566334.83,28437309.8,21238102.94,17804542.29,15092764.09,31781529.12,77528527.67,147498189.7,146182787.7,144483967.3,206821952.1,131726255.2,121644123.3,76192114.52,42251397.39,..
Kiribati,KIR,"Charges for the use of intellectual property, payments (BoP, current US$)",BM.GSR.ROYL.CD,..,..,..,..,..,..,..,..,..,..,..,..,..,..,..,..,..,..,..,..,..,..,..
"Korea, Dem. People's Rep.",PRK,"Charges for the use of intellectual property, payments (BoP, current US$)",BM.GSR.ROYL.CD,..,..,..,..,..,..,..,..,..,..,..,..,..,..,..,..,..,..,..,..,..,..,..
"Korea, Rep.",KOR,"Charges for the use of intellectual property, payments (BoP, current US$)",BM.GSR.ROYL.CD,3300300000,3142000000,3125900000,3660100000,4598100000,4720000000,4776500000,5334400000,5823400000,7355600000,9182900000,7415000000,8616600000,9836800000,10546000000,10055900000,9429400000,9701600000,9812300000,9909400000,9888400000,11116300000,11676500000
Kosovo,XKX,"Charges for the use of intellectual property, payments (BoP, current US$)",BM.GSR.ROYL.CD,..,..,..,..,2151923.565,1676108.482,116017.3313,2409885.998,5473899.079,5702068.226,3703734.341,515984.4365,405738.3483,2930332.658,2712198.508,1698995.012,2629872.499,1939327.98,7061852.145,10273003.86,6203745.77,8176532.3,4397300.657
Kuwait,KWT,"Charges for the use of intellectual property, payments (BoP, current US$)",BM.GSR.ROYL.CD,..,..,..,..,..,..,..,..,..,..,..,..,..,..,..,..,..,..,..,..,..,..,..
Kyrgyz Republic,KGZ,"Charges for the use of intellectual property, payments (BoP, current US$)",BM.GSR.ROYL.CD,9236500,6924200,3368008.4,3547913.7,2988608.196,5983640.55,19490436.36,11707867.45,..,5662074,2586897,6189091,7755518,6927118,4981486,5954780,7538903,5301675,5911752,5000636,5652904,6553731,..
Lao PDR,LAO,"Charges for the use of intellectual property, payments (BoP, current US$)",BM.GSR.ROYL.CD,..,..,..,..,..,..,..,..,..,..,..,..,..,..,..,..,..,..,..,..,..,..,..
Late-demographic dividend,LTE,"Charges for the use of intellectual property, payments (BoP, current US$)",BM.GSR.ROYL.CD,5263356476,6302386969,7713235942,9041057421,10596869157,32488891510,37739887815,43835888715,60906376845,59941818727,68143695703,75710312091,79576794946,90689249369,1.08637E+11,1.1766E+11,1.25058E+11,1.3128E+11,1.51001E+11,1.59289E+11,1.6249E+11,2.12057E+11,2.12679E+11
Latin America & Caribbean,LCN,"Charges for the use of intellectual property, payments (BoP, current US$)",BM.GSR.ROYL.CD,3366939209,3206408474,4733811214,4589734259,4613975922,5605690624,6390180477,7661049303,8701649023,8775768675,10606553488,12322458950,14142858564,15775384592,17478413458,16903353530,16987853456,17464884689,18574731753,17335425087,14901393733,16612766808,18256254112
Latin America & Caribbean (excluding high income),LAC,"Charges for the use of intellectual property, payments (BoP, current US$)",BM.GSR.ROYL.CD,2786320294,2586376271,4154110340,4030022072,3968900665,4903720327,5614227495,6793219494,7649727641,7649571555,9391779919,10920232920,12331174784,13566697470,15053074843,14550049791,14616710466,15391117813,15510891901,14705488635,12644034909,14639885959,16734052004
Latin America & the Caribbean (IDA & IBRD countries),TLA,"Charges for the use of intellectual property, payments (BoP, current US$)",BM.GSR.ROYL.CD,3328581108,3167344228,4692164153,4545966382,4565914301,5563774870,6327763839,7605584181,8639986609,8708332486,10562083759,12257516809,14084113279,15704093093,17403771108,16826625218,16840141093,17339260877,18445684155,17206321590,14767959627,16557764645,18242056614
Latvia,LVA,"Charges for the use of intellectual property, payments (BoP, current US$)",BM.GSR.ROYL.CD,..,..,..,..,..,..,..,..,35304159.59,25205434.22,33039281.24,52872035.88,43691574,47866470.98,45149422.11,34415898.64,36455711.91,47688935.27,64586076.55,50330404.63,30999228.72,37741486.72,38768989.02
Least developed countries: UN classification,LDC,"Charges for the use of intellectual property, payments (BoP, current US$)",BM.GSR.ROYL.CD,39659153.68,30524559.18,47858717.99,32719114.42,55346968.11,67552891.72,77217842.89,99379564.88,107148021.3,128846116.5,130079810,121029477.6,319738553.9,359829620.3,693706244.2,664695579.2,779951656.5,400852193.4,491960153.8,371539601.1,351112889.4,342427994.1,333088186.6
Lebanon,LBN,"Charges for the use of intellectual property, payments (BoP, current US$)",BM.GSR.ROYL.CD,..,..,..,..,98.84,..,..,..,..,942199.4,12920910.57,40173765.91,32815724.76,28121287.53,34761108.11,34392576.1,32884145.91,22307143.2,15670585.06,22573047.82,5018810.253,4898958.376,..
Lesotho,LSO,"Charges for the use of intellectual property, payments (BoP, current US$)",BM.GSR.ROYL.CD,1076130.009,928054.8242,804133.4719,1261064.506,1558861.801,1662736.423,11876.11655,11362.28426,1245117.167,358796.3594,4868525.98,5035068.784,4665404.779,4152930.194,3831336.079,3382152.318,2925902.536,3221922.241,3261023.8,2971708.74,2617982.934,2907128.376,2633666.951
Liberia,LBR,"Charges for the use of intellectual property, payments (BoP, current US$)",BM.GSR.ROYL.CD,..,..,..,..,..,..,..,..,..,..,..,..,..,..,..,..,..,..,..,..,..,..,..
Libya,LBY,"Charges for the use of intellectual property, payments (BoP, current US$)",BM.GSR.ROYL.CD,..,..,..,..,..,..,..,..,..,..,..,..,..,..,..,..,..,..,..,..,..,..,..
Liechtenstein,LIE,"Charges for the use of intellectual property, payments (BoP, current US$)",BM.GSR.ROYL.CD,..,..,..,..,..,..,..,..,..,..,..,..,..,..,..,..,..,..,..,..,..,..,..
Lithuania,LTU,"Charges for the use of intellectual property, payments (BoP, current US$)",BM.GSR.ROYL.CD,12270000,10175000,11482984.44,18106868.18,18022666.36,20618017.78,24410670.02,21619427.83,34497330.74,29088375.14,34801068.02,34300086.11,38179826.62,51742886.95,47451213.57,48349772.01,66926847.32,67754950.86,61738440.48,72719073.99,77947223.91,172930885.4,509225246.3
Low & middle income,LMY,"Charges for the use of intellectual property, payments (BoP, current US$)",BM.GSR.ROYL.CD,7624922589,8168117635,11053533009,12773137770,15945590976,19500209211,22400844239,28142240722,34259519731,34361304306,41252625647,46414427645,54861993647,62117924371,65256528466,61354534926,63645844046,72212511006,82533946938,81361922053,80842933299,96565330324,94181134814
Low income,LIC,"Charges for the use of intellectual property, payments (BoP, current US$)",BM.GSR.ROYL.CD,13945900.91,10333607.3,32387751.12,26944777.47,39129884.39,53120112.76,74187243.67,86866794,91279363.6,123918325.8,119339854.5,77911206.09,52692181.51,97205000.09,60774451.64,70786176.53,258887408.6,91883237,66467372.52,105200595.8,110521675.8,97185078.62,255795.4366
Lower middle income,LMC,"Charges for the use of intellectual property, payments (BoP, current US$)",BM.GSR.ROYL.CD,1764175880,1235722245,1065428874,1564941647,1578406166,1999141006,2273732144,2970467665,3617476801,3839910456,4558104772,4958518816,6687999740,7067174662,7899680532,8003806293,8259121904,9566368128,11398414166,11353521962,10098894003,12078002427,12509020010
Luxembourg,LUX,"Charges for the use of intellectual property, payments (BoP, current US$)",BM.GSR.ROYL.CD,121764571.8,243185706.2,33221912.69,37844886.83,80494962.54,71469847.14,84036581.13,306464038.2,423290760.1,307324041.7,188014603.6,246605712.6,870092007.3,1352508591,1702490629,1995626232,2975894330,4196126239,4374511455,5477592021,9071914970,9316183920,8815769720
"Macao SAR, China",MAC,"Charges for the use of intellectual property, payments (BoP, current US$)",BM.GSR.ROYL.CD,..,..,1689190.591,1968523.284,2789768.476,5356341.789,6077666.529,44748200.22,102082142.1,122157087.8,182803223.3,253219908.2,221199196.8,221202398.4,203816715.4,168938369.6,174025763.2,280546863.9,286045778.9,262501611,138385104.7,168083454.2,..
Madagascar,MDG,"Charges for the use of intellectual property, payments (BoP, current US$)",BM.GSR.ROYL.CD,10946466.17,7850614.743,22901362.99,6500089.4,22987712.4,12601449.05,19049398.45,56253427.49,49735633.25,42458444.22,26814639.39,6950648.925,14136946.34,18122663.83,6078177.073,17133514.85,8039022.438,18645925.52,17069695.66,13406102.97,10053481.3,12566964.16,..
Malawi,MWI,"Charges for the use of intellectual property, payments (BoP, current US$)",BM.GSR.ROYL.CD,198089.4459,468950.8384,234434.6737,406086.369,953731.6472,429479.8176,429574.1563,429685.8735,429565.3055,429555.6106,429554.8387,440264.3346,460364.3869,1785278.67,2983399.544,2455935.523,2386959.618,3770944.366,4129637.46,58708128,90111342.91,69060691.93,..
Malaysia,MYS,"Charges for the use of intellectual property, payments (BoP, current US$)",BM.GSR.ROYL.CD,546052631.6,751315789.5,627894736.8,782000000,895618421.1,1369655659,954002498.6,1185193311,1267781217,1133119333,1318006092,1634190362,1543302849,1395327002,1423860804,1294968669,1347909837,1826846903,2006740927,2218697840,2388113285,2590243495,2552403481
Maldives,MDV,"Charges for the use of intellectual property, payments (BoP, current US$)",BM.GSR.ROYL.CD,..,..,..,..,..,..,..,988772.6845,1910049.443,2776404.812,2270000,3423512.105,3713621.198,3656170.348,3543090.57,..,..,..,..,..,35775149.57,48898419.99,63131272.91
Mali,MLI,"Charges for the use of intellectual property, payments (BoP, current US$)",BM.GSR.ROYL.CD,1323555.959,1142821.732,640033.9262,886363.6512,608717.7111,1081063.934,1091064.398,1002854.545,1614349.626,2636651.797,2021042.03,..,..,..,..,..,..,..,..,..,..,..,..
Malta,MLT,"Charges for the use of intellectual property, payments (BoP, current US$)",BM.GSR.ROYL.CD,9848318.834,10193326.79,13226093.3,15225284.75,29232260.77,128255964.1,195165848.8,124958760.5,890095875.3,1614425761,1592818523,597234766.7,446179048.2,510754971.7,555400198.8,679181704.4,840302814.2,972076549.8,1027578219,1349712587,1562368036,1843921557,1752706801
Marshall Islands,MHL,"Charges for the use of intellectual property, payments (BoP, current US$)",BM.GSR.ROYL.CD,..,..,..,..,..,..,..,..,..,..,..,..,..,..,..,..,..,..,..,..,..,..,..
Mauritania,MRT,"Charges for the use of intellectual property, payments (BoP, current US$)",BM.GSR.ROYL.CD,..,..,..,..,..,..,..,..,..,..,..,..,..,..,10693050.69,..,1061723.714,..,1048608.133,2131534.654,338541.8494,45999.88298,..
Mauritius,MUS,"Charges for the use of intellectual property, payments (BoP, current US$)",BM.GSR.ROYL.CD,1185306.464,1384588.848,2280330.7,1696030.315,4265314.468,4716068.975,4422762.476,5998794.771,5853887.261,5185393.603,12068022.45,15201851.05,15522665.59,13487012.58,15456951.19,15754704.31,17580177.28,19759852.01,14200192.63,13404797.51,13497976.43,10815930.76,12079701.03
Mexico,MEX,"Charges for the use of intellectual property, payments (BoP, current US$)",BM.GSR.ROYL.CD,406846000,418500000,2216025539,2041737930,2150423060,2384797626,2506167696,2558165024,2393935171,2511538314,3015243396,3399954682,3647705203,3801442516,3834926121,3947789516,4299087599,4647755230,5123069376,4629408827,4478527629,4538833344,4320289480
"Micronesia, Fed. Sts.",FSM,"Charges for the use of intellectual property, payments (BoP, current US$)",BM.GSR.ROYL.CD,..,..,..,..,..,..,..,..,..,..,..,..,..,..,..,..,..,..,..,..,..,..,..
Middle East & North Africa,MEA,"Charges for the use of intellectual property, payments (BoP, current US$)",BM.GSR.ROYL.CD,793500664.8,872381036,695090135.2,659110115.1,684671518.1,959805742.5,1140817517,1551021963,2184217762,2903986837,2848244188,2086477936,2147935852,2119987673,2251017537,2377834356,2769257499,2924639031,3055771162,3536286823,3866888927,4781103014,4744209838
Middle East & North Africa (excluding high income),MNA,"Charges for the use of intellectual property, payments (BoP, current US$)",BM.GSR.ROYL.CD,423052346,402587709.2,220064041.9,210484830.3,164739257.3,289649778.4,264751668.1,513263202.8,385821886.8,390961075.6,423925665.5,420943168.9,590056804.2,611232700.8,559917337.8,637052651.4,726854684.8,600962481.3,646292943.6,666374235.4,634720891,760681456.3,301703037.6
Middle East & North Africa (IDA & IBRD countries),TMN,"Charges for the use of intellectual property, payments (BoP, current US$)",BM.GSR.ROYL.CD,422985346.1,402526811.7,217972619.6,210172337,162868250.7,286915778.4,263225668.1,511967202.8,384921886.8,390758075.6,423633357.7,420366570.4,589240637.9,610500950.1,558997377.6,635744749.3,725774607.9,599650062.7,644723916.6,665360831.7,634073288.4,760285133.7,299411342.4
Middle income,MIC,"Charges for the use of intellectual property, payments (BoP, current US$)",BM.GSR.ROYL.CD,7610976688,8157784028,11021145258,12746192993,15906461092,19447089098,22326656995,28055373928,34168240368,34237385980,41133285792,46336516439,54809301466,62020719371,65195754014,61283748750,63386956637,72120627769,82467479566,81256721457,80732411623,96468145246,94180879019
Moldova,MDA,"Charges for the use of intellectual property, payments (BoP, current US$)",BM.GSR.ROYL.CD,1820000,1040000,1220000,3020000,2630000,2330000,4010000,7220000,14920000,10630000,12750000,16600000,18700000,24160000,25080000,18370000,19490000,25150000,29790000,31810000,26640000,52140000,44580000
Monaco,MCO,"Charges for the use of intellectual property, payments (BoP, current US$)",BM.GSR.ROYL.CD,..,..,..,..,..,..,..,..,..,..,..,..,..,..,..,..,..,..,..,..,..,..,..
Mongolia,MNG,"Charges for the use of intellectual property, payments (BoP, current US$)",BM.GSR.ROYL.CD,..,..,..,..,..,..,..,..,1250710,790260,2589800,4656009.72,12030269.39,14479922.25,12999781.95,15585952.21,24610007.25,15696187.19,16057466.74,26323961.65,24429073.68,31749163.16,33398294.11
Montenegro,MNE,"Charges for the use of intellectual property, payments (BoP, current US$)",BM.GSR.ROYL.CD,..,..,..,..,..,..,..,9020036.678,11280173.15,11628956.45,8872927.094,2822505.369,3078425.553,4457701.997,5296924.612,3446391.283,6014925.279,5101165.478,6034347.464,5874126.789,3714630.964,4688291.289,6593835.704
Morocco,MAR,"Charges for the use of intellectual property, payments (BoP, current US$)",BM.GSR.ROYL.CD,19067093.66,35371218.64,40542318.54,28963366.32,36739032.96,45408253.27,49157198.31,35994436.11,15360060.09,48852466.31,30432451.13,41349877.49,56844992.81,73902813.79,111106151.9,95600829.85,104258156.7,132032392.7,166923239.9,147791000.8,151547176.9,150018207.4,176734128.4
Mozambique,MOZ,"Charges for the use of intellectual property, payments (BoP, current US$)",BM.GSR.ROYL.CD,..,..,..,..,..,5656758.83,2338960,2361670.872,1906090.572,3554354.576,3807426.927,4721835.26,8054486.93,24529769.8,19574342.62,26793739.52,19003105.27,15615001.38,2862442.76,..,..,..,..
Myanmar,MMR,"Charges for the use of intellectual property, payments (BoP, current US$)",BM.GSR.ROYL.CD,..,..,..,..,..,..,..,..,..,..,..,..,..,..,295324275.7,271948538.3,230635285.5,26384508.89,47290466.54,32501768.97,..,..,..
Namibia,NAM,"Charges for the use of intellectual property, payments (BoP, current US$)",BM.GSR.ROYL.CD,8055999.476,0.371065271,1663615.549,3578522.786,3241378.29,1743612.772,3007359.027,1925869.212,15276310.78,6696286.76,5976319.087,8453517.164,6255488.216,6944483.413,8624279.895,7080686.53,2984701.004,2406514.047,1284968.637,2540932.617,5717621.772,5354442.367,8863053.724
Nauru,NRU,"Charges for the use of intellectual property, payments (BoP, current US$)",BM.GSR.ROYL.CD,..,..,..,..,..,..,..,..,..,..,..,..,..,..,..,..,..,..,..,..,..,..,..
Nepal,NPL,"Charges for the use of intellectual property, payments (BoP, current US$)",BM.GSR.ROYL.CD,..,..,..,..,..,..,..,..,..,..,..,..,..,..,..,..,..,..,..,..,..,..,..
Netherlands,NLD,"Charges for the use of intellectual property, payments (BoP, current US$)",BM.GSR.ROYL.CD,2504611233,2321477330,2614585211,3362406608,24246609485,25306730018,26990274216,32109653218,36253036932,34418549710,32819973389,36661869501,36136892529,37444374674,47319178096,72163826761,37624231190,42021672733,45150660652,40693815668,35986676897,17731073968,20235251745
New Caledonia,NCL,"Charges for the use of intellectual property, payments (BoP, current US$)",BM.GSR.ROYL.CD,..,..,2208269.87,2827905.493,2642926.814,1918530.647,1513784.633,2831445.409,4752053.874,2484816.139,2146741.038,1393902.156,2347112.998,1799176.697,2670986.533,1321244.979,1826701.753,..,..,..,..,..,..
New Zealand,NZL,"Charges for the use of intellectual property, payments (BoP, current US$)",BM.GSR.ROYL.CD,312843010.4,317121949.6,361820924.4,466307528.8,528700292.6,554120312.9,501079242.8,611066531.8,619758922.6,578826768,699871923,1010436678,973564426.1,982801999.8,942756515.2,837125959.2,867802528.5,921694042.5,913496669.7,937337789.4,835111263.2,1067663599,1084483870
Nicaragua,NIC,"Charges for the use of intellectual property, payments (BoP, current US$)",BM.GSR.ROYL.CD,..,..,..,..,..,..,..,..,800000,800000,800000,800000,800000,800000,1200000,1200000,1900000,2000000,1900000,1100000,600000,800000,1500000
Niger,NER,"Charges for the use of intellectual property, payments (BoP, current US$)",BM.GSR.ROYL.CD,194309.2791,9557.64889,792834.8185,248319.7778,491146.066,1139858.64,486193.609,98196.17421,282511.1845,1998752.169,..,..,..,..,..,..,..,..,19803.88899,..,..,..,..
Nigeria,NGA,"Charges for the use of intellectual property, payments (BoP, current US$)",BM.GSR.ROYL.CD,..,..,..,49852057.33,..,67499686.15,84275550.26,172689266.9,190282818.9,208441257.4,223394625.4,213199660.3,250801226.7,258580139.7,252840000,252840000,252840000,252840000,252840000,252840000,252840000,252840000,252840000
North America,NAC,"Charges for the use of intellectual property, payments (BoP, current US$)",BM.GSR.ROYL.CD,19702235579,19750578555,23460912201,24106962204,29274200016,31085129029,30162760777,32782385728,36693783215,38352382966,40855077394,43333308426,45973189358,47106258442,49285921237,45919248818,53549930520,56247633048,55467575929,55865621849,61592586503,59907513877,64770903657
North Macedonia,MKD,"Charges for the use of intellectual property, payments (BoP, current US$)",BM.GSR.ROYL.CD,5681955.073,5505751.676,10323881.98,6953248,9390434,10351748,8665872,19319106,24890350,20239756.76,17758539,24885150,33907240,41586769,52812610,56157840,66879970,53366170,188796560,160554940,183710916.9,169440810,137655090
Northern Mariana Islands,MNP,"Charges for the use of intellectual property, payments (BoP, current US$)",BM.GSR.ROYL.CD,..,..,..,..,..,..,..,..,..,..,..,..,..,..,..,..,..,..,..,..,..,..,..
Norway,NOR,"Charges for the use of intellectual property, payments (BoP, current US$)",BM.GSR.ROYL.CD,439207804.4,329060784.9,328603757.9,394454192.2,442165107.9,436873691.6,454367240.6,168936737.4,459851144,317624196.9,633879635.6,778782346.3,587756889.1,668151571.2,654166979.2,569367271.7,505448565.9,1381215431,738224369.9,614054872.7,739106285.4,553296342.4,546959607.8
Not classified,INX,"Charges for the use of intellectual property, payments (BoP, current US$)",BM.GSR.ROYL.CD,..,..,..,..,..,..,..,..,..,..,..,..,..,..,..,..,..,..,..,..,..,..,..
OECD members,OED,"Charges for the use of intellectual property, payments (BoP, current US$)",BM.GSR.ROYL.CD,63306652803,62736031479,71645586647,78050082565,1.14517E+11,1.4827E+11,1.54708E+11,1.7322E+11,2.06451E+11,2.01707E+11,2.15337E+11,2.35478E+11,2.32586E+11,2.5111E+11,2.93003E+11,3.22623E+11,3.02835E+11,3.2395E+11,3.47022E+11,3.58929E+11,3.71505E+11,4.05069E+11,4.11707E+11
Oman,OMN,"Charges for the use of intellectual property, payments (BoP, current US$)",BM.GSR.ROYL.CD,..,..,..,..,..,..,..,..,..,..,..,..,..,..,..,..,..,..,..,..,..,..,..
Other small states,OSS,"Charges for the use of intellectual property, payments (BoP, current US$)",BM.GSR.ROYL.CD,90080530.08,98105245.85,112755150,146789854.3,182499227.2,303048097.3,382894083.4,339931163.6,1180817564,1867791626,1796669449,790548680.4,763161109.7,696328067.5,910979654.2,948552096.9,1184273796,1553889703,1401475659,1862892787,2185334938,2564393978,2231099581
Pacific island small states,PSS,"Charges for the use of intellectual property, payments (BoP, current US$)",BM.GSR.ROYL.CD,913641.2456,538320.4923,1663959.039,1276011.346,1280207.873,2032667.757,1944966.187,2792702.962,3986314.631,2630350.166,1830442.78,4179545.132,4802957.61,5413338.698,10579720.17,11401936.2,17482358.99,13876706.49,14905876.87,11817295.17,9683133.74,5419620.884,2827258.605
Pakistan,PAK,"Charges for the use of intellectual property, payments (BoP, current US$)",BM.GSR.ROYL.CD,28000000,19000000,18000000,36000000,86000000,109000000,106000000,107000000,117000000,90000000,124000000,127000000,161000000,126000000,160000000,180000000,221000000,227000000,189000000,192000000,183000000,268000000,111000000
Palau,PLW,"Charges for the use of intellectual property, payments (BoP, current US$)",BM.GSR.ROYL.CD,..,..,..,..,..,..,..,..,..,..,..,..,..,..,..,..,..,..,..,..,..,..,..
Panama,PAN,"Charges for the use of intellectual property, payments (BoP, current US$)",BM.GSR.ROYL.CD,42400000,35800000,46700000,42400000,45500000,44600000,42600000,57200000,59400000,62500000,46300000,68700000,96900000,80900000,98700000,57000000,47000000,46300000,631064333.5,379622694.1,443279389.7,12037007.81,..
Papua New Guinea,PNG,"Charges for the use of intellectual property, payments (BoP, current US$)",BM.GSR.ROYL.CD,..,..,..,..,..,..,..,..,..,..,..,..,..,..,..,..,..,..,..,..,..,..,..
Paraguay,PRY,"Charges for the use of intellectual property, payments (BoP, current US$)",BM.GSR.ROYL.CD,8600000,7400000,4600000,4600000,1900000,1700000,3100000,1200000,1900000,2500000,2500000,2500000,2500000,37300000,18050000,18500000,19300000,18500000,18500000,18500000,18500000,16600000,15080000
Peru,PER,"Charges for the use of intellectual property, payments (BoP, current US$)",BM.GSR.ROYL.CD,74288000,65485000,70755000,74298000,78082000,81628000,95339000,111272000,159484000,152419000,196763615.3,215801198.3,363763315,394276014.4,465593559.8,421403538.3,379133896.1,306382719.2,349222679.4,419229521.7,459604252.9,505899553.4,521794008.1
Philippines,PHL,"Charges for the use of intellectual property, payments (BoP, current US$)",BM.GSR.ROYL.CD,197000000,159000000,236000000,278000000,273000000,265882903.8,348937717.7,385425695.4,387300951.6,412169786.8,446477954.5,441511424.4,471305024.6,529353929,547026079.2,612611626,546410232.4,751387515.6,916981982.9,832721346.3,519252390.1,622928934.8,550887119.5
Poland,POL,"Charges for the use of intellectual property, payments (BoP, current US$)",BM.GSR.ROYL.CD,555000000,508000000,557000000,745000000,883000000,1036000000,1313000000,1575000000,1773000000,1542000000,2248000000,2407000000,2332000000,2693000000,2945000000,2431000000,2692000000,3167000000,3639000000,3734000000,3534000000,4134000000,4000000000
Portugal,PRT,"Charges for the use of intellectual property, payments (BoP, current US$)",BM.GSR.ROYL.CD,275310387.4,250806170.3,314186788.4,307630213.7,361783080.2,349633378.2,408518949.9,479505309.5,534829333.6,562301734.1,595846046.6,600613719,505194156.6,517704267.3,660632627.8,700149438.1,813725640,892938043,883697896,887737502.5,879412474.9,886755617,..
Post-demographic dividend,PST,"Charges for the use of intellectual property, payments (BoP, current US$)",BM.GSR.ROYL.CD,67654130645,66491240865,73742605955,82308997255,1.1986E+11,1.35777E+11,1.39114E+11,1.55107E+11,1.81229E+11,1.77497E+11,1.9112E+11,2.0942E+11,2.11001E+11,2.23509E+11,2.46659E+11,2.61778E+11,2.31354E+11,2.53343E+11,2.66055E+11,2.67982E+11,2.78254E+11,2.7593E+11,2.74853E+11
Pre-demographic dividend,PRE,"Charges for the use of intellectual property, payments (BoP, current US$)",BM.GSR.ROYL.CD,111126760.7,83297695.43,80396262.9,111992805.4,93787261.92,196986480.4,172483595.7,519259935.6,334929197.7,370229245,369668331.3,343160451.7,590078154.1,663084601.1,741091872.7,746850112.4,684739481.4,791255858.7,742510457,683849856,611638158.1,572701589.8,495797930.2
Puerto Rico,PRI,"Charges for the use of intellectual property, payments (BoP, current US$)",BM.GSR.ROYL.CD,..,..,..,..,..,..,..,..,..,..,..,..,..,..,..,..,..,..,..,..,..,..,..
Qatar,QAT,"Charges for the use of intellectual property, payments (BoP, current US$)",BM.GSR.ROYL.CD,..,..,..,..,..,..,..,..,..,..,..,..,..,..,..,..,..,..,..,..,..,..,..
Romania,ROU,"Charges for the use of intellectual property, payments (BoP, current US$)",BM.GSR.ROYL.CD,45000000,60000000,85000000,80000000,108000000,173274997.6,235424080.6,247969547.9,345932437.5,367264725,445022001.1,482416189.5,452525195.7,879803422.6,901296183,834447967.1,832020078,911037524.1,962384646.5,936735170.4,886842442.5,1041336733,953960511.6
Russian Federation,RUS,"Charges for the use of intellectual property, payments (BoP, current US$)",BM.GSR.ROYL.CD,68720000,342740000,337650000,700030000,1057980000,1532870000,1940750000,2703970000,4480510000,3987050000,4841800000,5830320000,7629280000,8370790000,8021370000,5633850000,4997360000,5979770000,6288170000,6866160000,6809070000,7022910000,4478230000
Rwanda,RWA,"Charges for the use of intellectual property, payments (BoP, current US$)",BM.GSR.ROYL.CD,..,..,..,..,..,..,..,..,..,..,..,..,..,..,..,..,..,..,..,209651.1513,190494.2337,233699.788,255795.4366
Samoa,WSM,"Charges for the use of intellectual property, payments (BoP, current US$)",BM.GSR.ROYL.CD,..,..,..,..,165490.6784,110553.9044,..,37539.27642,61617.59624,46839.69907,39750.85051,213113.2783,798045.4084,1435416.576,1855628.03,2353131.452,2090560.656,1461349.709,586469.8735,1158302.688,279076.3002,314727.8034,147020.2295
San Marino,SMR,"Charges for the use of intellectual property, payments (BoP, current US$)",BM.GSR.ROYL.CD,..,..,..,..,..,..,..,..,..,..,..,..,..,..,..,..,..,..,..,..,..,..,..
Sao Tome and Principe,STP,"Charges for the use of intellectual property, payments (BoP, current US$)",BM.GSR.ROYL.CD,..,..,..,..,..,..,..,..,..,..,..,..,..,2295.96,31975.39656,134494.3572,137719.3967,26.7336,3600,60789.86026,461472.6984,45780.01971,..
Saudi Arabia,SAU,"Charges for the use of intellectual property, payments (BoP, current US$)",BM.GSR.ROYL.CD,..,..,..,..,..,..,..,..,..,..,..,..,..,..,..,..,..,..,..,..,..,..,..
Senegal,SEN,"Charges for the use of intellectual property, payments (BoP, current US$)",BM.GSR.ROYL.CD,5487125.076,2874121.559,3325581.684,506986.213,7228759.859,7377787.202,5283048.665,7813908.33,9058295.123,12162619.58,5840811.466,5411156.364,4896619.26,1200648.819,5903709.826,5152469.091,7635938.447,8163687.072,8752958.861,..,..,..,..
Serbia,SRB,"Charges for the use of intellectual property, payments (BoP, current US$)",BM.GSR.ROYL.CD,..,..,..,..,..,..,..,143606535,194757507.5,143654258.5,156105712.5,183302673.6,174972017.3,221204084,224594091.7,180332274.4,199746134.6,239382868,289729929.3,304261638.8,348262113.7,503365928.2,639762283.9
Seychelles,SYC,"Charges for the use of intellectual property, payments (BoP, current US$)",BM.GSR.ROYL.CD,437535.9144,426800.2077,547441.9255,555481.8342,543090.9091,545454.5455,543529.2258,545237.3482,515861.0463,515960.2169,1414195.314,1413960.686,1512607.395,2754038.336,2754425.678,1793930.522,1457332.435,2214502.732,2716441.328,3332145.021,1982431.307,2431765.612,..
Sierra Leone,SLE,"Charges for the use of intellectual property, payments (BoP, current US$)",BM.GSR.ROYL.CD,..,..,..,197310.6941,25066.11023,2896.953285,1039718.92,1517962.45,728898.2279,643885.2214,403114.8978,334281.8942,408617.2416,1050135.558,1038580.007,886050.4823,1054950.277,1437870.046,891785.4261,798108.9648,1266142.978,1192220.105,..
Singapore,SGP,"Charges for the use of intellectual property, payments (BoP, current US$)",BM.GSR.ROYL.CD,5099296389,4937985653,4948261884,6775980331,8054414739,9494666989,9765545020,9810419779,13604164838,13438021506,17029305529,20346152652,23105585202,22992008311,20877550215,19400287309,15666647584,15810634176,17249096447,15161436539,14882786029,16325100175,15806794004
Sint Maarten (Dutch part),SXM,"Charges for the use of intellectual property, payments (BoP, current US$)",BM.GSR.ROYL.CD,..,..,..,..,..,..,..,..,..,..,..,865921.7877,569832.4022,1357541.899,1156424.581,1787709.497,2117318.436,960893.8547,1224882.307,1428854.637,707127.4302,1734869.475,..
Slovak Republic,SVK,"Charges for the use of intellectual property, payments (BoP, current US$)",BM.GSR.ROYL.CD,58130537.92,58406945.31,63194028.25,91220667.51,..,..,..,..,220252619.4,189975719.5,168358820.9,176539865.5,180980256.1,571824993.2,672289268,522191217.2,686313614.3,706690665.8,751531430.7,754188697.6,646719708.6,744777215.1,753820097.2
Slovenia,SVN,"Charges for the use of intellectual property, payments (BoP, current US$)",BM.GSR.ROYL.CD,49500000,60400000,78400000,89600000,123300000,113000000,153685414.4,168773215.5,254656317.1,289021239.9,344190440.6,381272095,356983239.1,253036284.5,241837673.5,221412274.4,224388233.9,247300894.7,271288627.7,256638367.5,251963420.2,300200854,282803204.9
Small states,SST,"Charges for the use of intellectual property, payments (BoP, current US$)",BM.GSR.ROYL.CD,187569922.9,186104890.2,211176550.4,221392288.4,261311434,377420706.4,477761923.1,482565889.5,1321898834,2006765436,1910957334,984290042.1,975326596.2,946263422.2,1145404011,1189627984,1411076928,1755201841,1600150420,2036551665,2327136442,2724352869,2304026333
Solomon Islands,SLB,"Charges for the use of intellectual property, payments (BoP, current US$)",BM.GSR.ROYL.CD,196504.9306,56839.87405,2371.83887,9564.819882,5794.854246,240814.5521,746455.553,1128293.394,1450206.372,1196708.703,738655.4609,1359494.336,1219729.689,1491281.967,5205318.599,4779372.297,4349572.323,3997919.454,7087601.158,4073440.797,2890610.647,2422468.711,107444.7192
Somalia,SOM,"Charges for the use of intellectual property, payments (BoP, current US$)",BM.GSR.ROYL.CD,..,..,..,..,..,..,..,..,..,..,..,..,..,..,..,..,..,..,..,..,..,..,..
South Africa,ZAF,"Charges for the use of intellectual property, payments (BoP, current US$)",BM.GSR.ROYL.CD,245895910.2,329528506.3,446513324,616743679.5,891018800.3,1070615302,1281749087,1596250885,1675904017,1658023465,1941103069,2118146097,2017325060,1936693353,1732081250,1641134757,1831242821,1883350101,1540106740,1356151183,1197536398,1453033533,1453465563
South Asia,SAS,"Charges for the use of intellectual property, payments (BoP, current US$)",BM.GSR.ROYL.CD,314883526.1,341537031,366359662.3,589601951.1,702572360.5,783574234.2,957195318.8,1275582229,1670095699,1961696656,2609955129,3007490650,4176389147,4065036685,5043155509,5214137795,5733976375,6768803807,8139455950,8134433113,7530819825,9011599737,10651452848
South Asia (IDA & IBRD),TSA,"Charges for the use of intellectual property, payments (BoP, current US$)",BM.GSR.ROYL.CD,314883526.1,341537031,366359662.3,589601951.1,702572360.5,783574234.2,957195318.8,1275582229,1670095699,1961696656,2609955129,3007490650,4176389147,4065036685,5043155509,5214137795,5733976375,6768803807,8139455950,8134433113,7530819825,9011599737,10651452848
South Sudan,SSD,"Charges for the use of intellectual property, payments (BoP, current US$)",BM.GSR.ROYL.CD,..,..,..,..,..,..,..,..,..,..,..,..,..,..,258600,520000,1770000,22030000,830000,1440000,..,6250000,..
Spain,ESP,"Charges for the use of intellectual property, payments (BoP, current US$)",BM.GSR.ROYL.CD,..,..,..,..,..,..,..,..,..,..,..,..,..,4514279640,4474717118,4520612371,4987966185,5065245409,6644636046,6838705335,5122068572,5917230506,5804753906
Sri Lanka,LKA,"Charges for the use of intellectual property, payments (BoP, current US$)",BM.GSR.ROYL.CD,..,..,..,..,..,..,..,..,..,..,..,..,..,..,..,..,..,..,..,..,..,..,..
St. Kitts and Nevis,KNA,"Charges for the use of intellectual property, payments (BoP, current US$)",BM.GSR.ROYL.CD,825925.9259,927777.7778,887159.2593,1281851.852,1848140.741,2018966.667,1750127.407,1782938.148,2213601.111,1619166.667,1941085.556,2035227.778,2073488.148,2157114.444,3039400.909,2556748.679,2655552.234,1548652.211,1977240.664,3167362.476,2561087.93,2441611.755,..
St. Lucia,LCA,"Charges for the use of intellectual property, payments (BoP, current US$)",BM.GSR.ROYL.CD,1570370.37,1377777.778,2177777.778,2403703.704,2381111.111,2381470.37,2432592.593,2373659.259,2681196.296,3156070.741,3927893.333,3983168.519,3900162.963,3940647.407,8302615.378,7788039.63,8491747.87,8942802.907,9747960.463,11027020.33,7954522.12,8693443.258,..
St. Martin (French part),MAF,"Charges for the use of intellectual property, payments (BoP, current US$)",BM.GSR.ROYL.CD,..,..,..,..,..,..,..,..,..,..,..,..,..,..,..,..,..,..,..,..,..,..,..
St. Vincent and the Grenadines,VCT,"Charges for the use of intellectual property, payments (BoP, current US$)",BM.GSR.ROYL.CD,544444.4444,507407.4074,315555.5556,314988.8889,365140.7407,425955.5556,532896.2963,912066.6667,2953840.37,3310923.333,3244542.963,3336221.481,3237292.593,3383282.222,3761884.433,3065919.2,3356214.685,2699259.85,2675928.645,2449615.222,2586870.683,2715936.675,..
Sub-Saharan Africa,SSF,"Charges for the use of intellectual property, payments (BoP, current US$)",BM.GSR.ROYL.CD,408935778.7,467286192.5,595310944.4,819050579.3,1081758867,1366056961,1576803909,2055611689,2161094293,2175009064,2335058131,2470052792,2649985052,2657252611,2657786498,2533342763,2668225223,2831070365,2494304508,2288629677,2108397345,2414031077,1974307445
Sub-Saharan Africa (excluding high income),SSA,"Charges for the use of intellectual property, payments (BoP, current US$)",BM.GSR.ROYL.CD,408498242.8,466859392.3,594763502.5,818495097.4,1081215776,1365511506,1576260380,2055066452,2160578432,2174493104,2333643936,2468638831,2648472445,2654498572,2655032072,2531548832,2666767891,2828855863,2491588067,2285297532,2106414914,2411599311,1974307445
Sub-Saharan Africa (IDA & IBRD countries),TSS,"Charges for the use of intellectual property, payments (BoP, current US$)",BM.GSR.ROYL.CD,408935778.7,467286192.5,595310944.4,819050579.3,1081758867,1366056961,1576803909,2055611689,2161094293,2175009064,2335058131,2470052792,2649985052,2657252611,2657786498,2533342763,2668225223,2831070365,2494304508,2288629677,2108397345,2414031077,1974307445
Sudan,SDN,"Charges for the use of intellectual property, payments (BoP, current US$)",BM.GSR.ROYL.CD,100000,..,..,..,..,..,3959.193908,2650,57298.90233,1297124,11370686.95,1415921.793,4000,55602.66695,..,..,..,..,..,..,1642.290691,..,..
Suriname,SUR,"Charges for the use of intellectual property, payments (BoP, current US$)",BM.GSR.ROYL.CD,..,..,..,..,..,..,800000,2500000,2600000,..,..,1229854.047,5796374.94,9885400.824,13859448.62,19711049.47,22703601.25,12501500.5,8648843.212,5321674.39,4316404.197,4967128.201,6662934.029
Sweden,SWE,"Charges for the use of intellectual property, payments (BoP, current US$)",BM.GSR.ROYL.CD,991779879.2,878086896.9,919579589.6,1275990110,1415045058,1512385256,1690721321,1856019769,2063470051,1855773289,1498265136,1924300998,2478866959,2850657502,3900834438,4264682982,3332624578,5119181581,4891649272,6949656309,9280974509,11240731551,14963639166
Switzerland,CHE,"Charges for the use of intellectual property, payments (BoP, current US$)",BM.GSR.ROYL.CD,1737843933,1854315395,2699676685,2993367269,5203502755,7439742364,7014602811,9243987986,9827709893,13811220519,15842319321,21025131328,20900338400,21749231750,25190091712,23785075242,22156831582,24256654479,27065717637,26879306042,32266925212,33555217496,29992998966
Syrian Arab Republic,SYR,"Charges for the use of intellectual property, payments (BoP, current US$)",BM.GSR.ROYL.CD,..,..,..,10000000,10000000,12000000,20000000,25000000,30000000,30000000,36553806.34,..,..,..,..,..,..,..,..,..,..,..,..
Tajikistan,TJK,"Charges for the use of intellectual property, payments (BoP, current US$)",BM.GSR.ROYL.CD,..,..,787900,201300,62800,335600,68900,755400,320000,82800,..,..,..,..,..,..,..,88852.47296,36620,36010,22670,37780,31390
Tanzania,TZA,"Charges for the use of intellectual property, payments (BoP, current US$)",BM.GSR.ROYL.CD,3700006.857,3550000,100000,700000,582830.04,218042,683196,5319945.667,106900,..,270000,400000,851853.3333,2719346.667,1098666.333,2007390,1402980,3848000,6132091.74,5750445.969,3299197.046,..,..
Thailand,THA,"Charges for the use of intellectual property, payments (BoP, current US$)",BM.GSR.ROYL.CD,709870581.5,823264729.7,1103909310,1267697585,1583825523,1676210000,2046760000,2288640000,2567130000,2247540000,3080540000,3121260000,3609708798,4593395979,3970840948,4121492145,3979483476,4280771967,5274352965,5311900978,4503700128,5581121900,5502374614
Timor-Leste,TLS,"Charges for the use of intellectual property, payments (BoP, current US$)",BM.GSR.ROYL.CD,..,..,..,..,..,..,7692.13,495972.74,222496,..,..,..,725648.0667,3118,75880.69,32822,..,..,..,..,..,480,..
Togo,TGO,"Charges for the use of intellectual property, payments (BoP, current US$)",BM.GSR.ROYL.CD,585743.9137,760515.776,456961.159,670808.2886,2192142.287,2674210.785,7155085.474,5189772.271,4704035.437,4709825.59,1647149.254,..,..,..,384804.414,115018.0219,182245.9951,2306009.533,..,..,..,..,..
Tonga,TON,"Charges for the use of intellectual property, payments (BoP, current US$)",BM.GSR.ROYL.CD,..,..,..,..,..,32955.62649,18231.93875,..,..,..,..,..,..,..,143145.0442,178543.0052,4882564.784,..,182.715448,..,3740.01215,13585.65062,..
Trinidad and Tobago,TTO,"Charges for the use of intellectual property, payments (BoP, current US$)",BM.GSR.ROYL.CD,..,..,..,..,..,..,..,..,..,..,..,60143858.87,54084973.45,60809869.37,70160562.62,75381069.46,53970155.79,54190080.6,69012595.73,49016604.54,36904008.85,49041000.61,..
Tunisia,TUN,"Charges for the use of intellectual property, payments (BoP, current US$)",BM.GSR.ROYL.CD,2918252.453,6255593.108,6330301.041,6208970.669,8029118.938,7707525.114,10668469.79,10145483.63,12498562.8,13774971.77,15159983.23,12075721.88,12804985.41,13664411.49,19438349.51,20952016.82,17504383.85,16574186.02,17719064.05,20515034.13,17707558.6,26552472.74,..
Turkiye,TUR,"Charges for the use of intellectual property, payments (BoP, current US$)",BM.GSR.ROYL.CD,173000000,119000000,107000000,167000000,362000000,439000000,531000000,647000000,729000000,648000000,816000000,680000000,741000000,1582000000,1686000000,1624000000,1882000000,1777000000,2114000000,2181000000,2349000000,2738000000,2853000000
Turkmenistan,TKM,"Charges for the use of intellectual property, payments (BoP, current US$)",BM.GSR.ROYL.CD,..,..,..,..,..,..,..,..,..,..,..,..,..,..,..,..,..,..,..,..,..,..,..
Turks and Caicos Islands,TCA,"Charges for the use of intellectual property, payments (BoP, current US$)",BM.GSR.ROYL.CD,..,..,..,..,..,..,..,..,..,..,..,..,..,..,..,..,..,..,..,..,..,..,..
Tuvalu,TUV,"Charges for the use of intellectual property, payments (BoP, current US$)",BM.GSR.ROYL.CD,..,..,..,..,..,..,..,..,..,..,..,..,..,..,..,..,..,..,..,..,..,..,..
Uganda,UGA,"Charges for the use of intellectual property, payments (BoP, current US$)",BM.GSR.ROYL.CD,..,..,6898573,7947510.95,1417503,1463500,10633427,4792886.34,1797690.4,3254382.076,2810259.476,8275720.301,11312971.32,14777163.05,12183518.67,13761795.87,19741922.79,17635929.03,11046800,22366510,102.1,..,..
Ukraine,UKR,"Charges for the use of intellectual property, payments (BoP, current US$)",BM.GSR.ROYL.CD,663000000,183000000,110000000,292000000,268000000,421000000,428000000,577000000,754000000,644000000,744000000,746000000,727000000,1072000000,552000000,358000000,358000000,430000000,592000000,606000000,495000000,735000000,259000000
United Arab Emirates,ARE,"Charges for the use of intellectual property, payments (BoP, current US$)",BM.GSR.ROYL.CD,..,..,..,..,..,..,..,..,..,..,..,..,..,..,..,..,..,..,..,..,..,..,..
United Kingdom,GBR,"Charges for the use of intellectual property, payments (BoP, current US$)",BM.GSR.ROYL.CD,7147868031,7106653490,8194613068,8794302536,9692330342,10536918308,10709233287,9189715166,11454256329,10473073186,10850107600,12192693732,10576676645,9634649293,11675819527,12279694753,11375283178,12336313372,14572553139,16495847278,15743194165,17199514849,17245075857
United States,USA,"Charges for the use of intellectual property, payments (BoP, current US$)",BM.GSR.ROYL.CD,16139000000,16207000000,18981000000,18652000000,22818000000,24126000000,23075000000,24615000000,27764000000,29421000000,31115000000,32912000000,35061000000,35294000000,37562000000,35178000000,41974000000,44406000000,42736000000,42273000000,47708000000,43342000000,48483000000
Upper middle income,UMC,"Charges for the use of intellectual property, payments (BoP, current US$)",BM.GSR.ROYL.CD,5846800807,6922061783,9955716384,11181251346,14328054926,17447948092,20052924851,25084906263,30550763567,30397475524,36575181021,41377997623,48121301725,54953544709,57296073482,53279942457,55127834733,62554259641,71069065400,69903199495,70633517620,84390142818,81671859009
Uruguay,URY,"Charges for the use of intellectual property, payments (BoP, current US$)",BM.GSR.ROYL.CD,6476000,9766440.68,6757023.588,14027245.51,4314747.742,6908775.936,7287106.777,7633470.999,16625936.39,21950555.73,26557142.4,33571028.5,87053683.55,113538506.1,137250587.4,102899213.6,113353942.6,122680491.6,189310267.1,182878101.3,125883223.5,158551631.6,183343946.4
Uzbekistan,UZB,"Charges for the use of intellectual property, payments (BoP, current US$)",BM.GSR.ROYL.CD,..,..,..,..,..,437600,1656000,3741400,3344100,1315786.98,33993662.7,28820195.5,65554970,40663905,4666621.994,15207698.63,6417372.7,31372222.9,49890245.24,87142840.13,112682350.4,79586123.71,111469037.9
Vanuatu,VUT,"Charges for the use of intellectual property, payments (BoP, current US$)",BM.GSR.ROYL.CD,..,..,201286.8733,264294.9369,357283.5628,466049.9787,198619.3684,..,26049.95803,42775.25879,165698.4221,248618.89,215528.4081,149555.4754,206067.2194,174160.1629,184394.4727,324628.8666,542828.6367,241473.6311,392671.0119,392126.1274,..
"Venezuela, RB",VEN,"Charges for the use of intellectual property, payments (BoP, current US$)",BM.GSR.ROYL.CD,184000000,260000000,211000000,183000000,219000000,239000000,257000000,276000000,349000000,352000000,340000000,364000000,397000000,394000000,400000000,382000000,258000000,..,..,..,..,..,..
Vietnam,VNM,"Charges for the use of intellectual property, payments (BoP, current US$)",BM.GSR.ROYL.CD,..,..,..,..,..,..,..,..,..,..,..,..,..,..,..,..,..,..,..,..,..,..,..
Virgin Islands (U.S.),VIR,"Charges for the use of intellectual property, payments (BoP, current US$)",BM.GSR.ROYL.CD,..,..,..,..,..,..,..,..,..,..,..,..,..,..,..,..,..,..,..,..,..,..,..
West Bank and Gaza,PSE,"Charges for the use of intellectual property, payments (BoP, current US$)",BM.GSR.ROYL.CD,66999.85286,60897.49073,2091422.354,312493.3535,1871006.588,2734000,1526000,1296000,900000,203000,292307.7583,576598.4798,816166.279,731750.7308,919960.1919,1307902.055,1080076.942,1312418.618,1569027.02,1013403.664,647602.5805,396322.5966,2291695.273
World,WLD,"Charges for the use of intellectual property, payments (BoP, current US$)",BM.GSR.ROYL.CD,76210566235,76179418863,86419932960,96693817956,1.37666E+11,1.7646E+11,1.86048E+11,2.10202E+11,2.54456E+11,2.50294E+11,2.73949E+11,3.01449E+11,3.09235E+11,3.33908E+11,3.76466E+11,4.00522E+11,3.78897E+11,4.08755E+11,4.43171E+11,4.52608E+11,4.64412E+11,5.14829E+11,5.15747E+11
"Yemen, Rep.",YEM,"Charges for the use of intellectual property, payments (BoP, current US$)",BM.GSR.ROYL.CD,..,..,..,..,..,9200000,9200000,-13920000,-4800000,-4800000,4800000,4800000,4800000,4800000,4800000,4800000,204945510,..,..,..,..,..,..
Zambia,ZMB,"Charges for the use of intellectual property, payments (BoP, current US$)",BM.GSR.ROYL.CD,400000,400000,400000,400000,..,400000,400000,1172724,1289996.4,444400,548844,3733435,3770201,1770000,1885050,2007578.25,2138070.836,2287735.795,35002237.7,16903078.7,14573362.62,34364712.32,20230940.23
Zimbabwe,ZWE,"Charges for the use of intellectual property, payments (BoP, current US$)",BM.GSR.ROYL.CD,..,..,..,..,..,..,..,..,..,6037763.729,3783946.613,8847845.099,9305786.893,17830152.8,18668169.98,19545573.97,10372933.18,4322232.37,2511199.08,2197499.37,3629088.13,..,..
,,,,,,,,,,,,,,,,,,,,,,,,,,
,,,,,,,,,,,,,,,,,,,,,,,,,,
,,,,,,,,,,,,,,,,,,,,,,,,,,
Data from database: World Development Indicators,,,,,,,,,,,,,,,,,,,,,,,,,,
Last Updated: 09/19/2023,,,,,,,,,,,,,,,,,,,,,,,,,,
