Country,Original Principal Amount,Cancelled Amount,Undisbursed Amount,Disbursed Amount,Borrower's Obligation,Country_Code,Indicator_Name,Indicator_Code,2000,2001,2002,2003,2004,2005,2006,2007,2008,2009,2010,2011,2012,2013,2014,2015,2016,2017,2018,2019,2020,2021,2022,developed
Albania,2032160000.0,140259104.8,746585590.2,1082344270.0,874013475.8,ALB,GDP (current US$),NY.GDP.MKTP.CD,3480355258.0,3922100794.0,4348068242.0,5611496257.0,7184685782.0,8052077209.0,8896074996.0,10677324873.0,12881352878.0,12044205572.0,11926926654.0,12890760273.0,12319834233.0,12776224537.0,13228147516.0,11386853143.0,11861199831.0,13019726212.0,15156424062.0,15401826081.0,15162734205.0,17930565119.0,18882095518.0,0.0
Armenia,1224900000.0,44302769.69,130159016.0,1053061668.0,967175073.4,ARM,GDP (current US$),NY.GDP.MKTP.CD,1911563669.0,2118467913.0,2376335048.0,2807061009.0,3576615240.0,4900469515.0,6384452071.0,9206301264.0,11662040704.0,8647937091.0,9260285762.0,10142111812.0,10619320693.0,11121464430.0,11609513241.0,10553337528.0,10546136240.0,11527458713.0,12457940705.0,13619290546.0,12641698594.0,13861409969.0,19502783988.0,0.0
Antigua and Barbuda,12000000.0,7435745.73,51614.0,4512640.27,4012867.09,ATG,GDP (current US$),NY.GDP.MKTP.CD,826370370.4,800481481.5,814381481.5,856396296.3,919729629.6,1022962963.0,1157662963.0,1312759259.0,1370070370.0,1228329630.0,1148700000.0,1137637037.0,1199948148.0,1181448148.0,1249733333.0,1336692593.0,1436585185.0,1467955556.0,1604770370.0,1675403704.0,1416348148.0,1560518519.0,1757603704.0,0.0
Azerbaijan,3479300000.0,532435102.1,108026863.4,2838838035.0,1250363546.0,AZE,GDP (current US$),NY.GDP.MKTP.CD,5272617196.0,5707618247.0,6236086669.0,7276413079.0,8680410158.0,13245421881.0,20981929498.0,33049426816.0,48851318826.0,44292408817.0,52909294792.0,65952763949.0,69679913510.0,74160553009.0,75239737489.0,53076244755.0,37867007023.0,40866632048.0,47112479289.0,48174235294.0,42693000000.0,54825411765.0,78721058824.0,0.0
Burundi,4800000.0,0.0,0.0,4800000.0,0.0,BDI,GDP (current US$),NY.GDP.MKTP.CD,870486065.9,876794723.1,825394519.7,784654423.6,915257323.4,1117113080.0,1273375078.0,1356199387.0,1611835857.0,1781455140.0,2032135191.0,2235820809.0,2333341334.0,2451606632.0,2705783330.0,3104003546.0,2644487777.0,2723586962.0,2667182199.0,2576518879.0,2649680261.0,2775798697.0,3073414678.0,0.0
Bangladesh,54895633.38,0.0,0.0,54895633.38,0.0,BGD,GDP (current US$),NY.GDP.MKTP.CD,53369787319.0,53991289844.0,54724081491.0,60158929188.0,65108544250.0,69442943089.0,71819083684.0,79611888213.0,91631278239.0,102478000000.0,115279000000.0,128638000000.0,133356000000.0,149991000000.0,172885000000.0,195079000000.0,265236000000.0,293755000000.0,321379000000.0,351238000000.0,373902000000.0,416265000000.0,460201000000.0,0.0
"Bahamas, The",142800000.0,3548186.46,0.0,139251813.5,100000000.0,BHS,GDP (current US$),NY.GDP.MKTP.CD,8076470000.0,8317830000.0,8881160000.0,8870090000.0,9055290000.0,9836200000.0,10167250000.0,10618340000.0,10526000000.0,9981960000.0,10095760000.0,10070450000.0,10720500000.0,10562800000.0,11176100000.0,11672900000.0,11750800000.0,12253500000.0,12653600000.0,13058700000.0,9754600000.0,11527600000.0,12897400000.0,0.0
Bosnia and Herzegovina,2341346697.0,146936983.4,523839172.0,1646124370.0,666978752.1,BIH,GDP (current US$),NY.GDP.MKTP.CD,5567774049.0,5800616572.0,6728219507.0,8498893358.0,10156541358.0,11222796197.0,12864842269.0,15778737117.0,19112801197.0,17613946109.0,17176320823.0,18644239028.0,17226736285.0,18179104549.0,18558731213.0,16404352156.0,17116926092.0,18326376394.0,20484048416.0,20482603346.0,20226030731.0,23649566069.0,24527507288.0,0.0
Belize,162400000.0,6433909.63,28433802.05,127532288.3,36696267.8,BLZ,GDP (current US$),NY.GDP.MKTP.CD,1116000000.0,1163000000.0,1233000000.0,1298000000.0,1389500000.0,1461500000.0,1581000000.0,1696000000.0,1729000000.0,1680500000.0,1738500000.0,1819500000.0,1903000000.0,2029500000.0,2138000000.0,2210500000.0,2258500000.0,2286000000.0,2315000000.0,2416500000.0,2080000000.0,2491500000.0,2824081836.0,0.0
Bolivia,1632200000.0,39319264.45,536437375.2,1056443360.0,778714903.8,BOL,GDP (current US$),NY.GDP.MKTP.CD,8397855937.0,8141517339.0,7905485146.0,8082399991.0,8773451752.0,9549122313.0,11451845379.0,13120107739.0,16674276979.0,17339992194.0,19649724656.0,23963162969.0,27084497482.0,30659338886.0,32996188017.0,33000198249.0,33941126194.0,37508642171.0,40287647931.0,40895322851.0,36629843806.0,40408208524.0,43068885673.0,0.0
Barbados,353350000.0,16814302.35,0.0,336535697.7,220722499.7,BRB,GDP (current US$),NY.GDP.MKTP.CD,3059500000.0,3054500000.0,3106500000.0,3209500000.0,3444500000.0,3819500000.0,4217450800.0,4674007450.0,4784925100.0,4465657300.0,4529928300.0,4657699450.0,4610096000.0,4677248300.0,4696344350.0,4724691200.0,4832811750.0,4981588900.0,5097283200.0,5324250000.0,4671800000.0,4843800000.0,5637914515.0,0.0
Botswana,1441261341.0,141926407.7,443603811.7,855731121.6,538711762.5,BWA,GDP (current US$),NY.GDP.MKTP.CD,5788329609.0,5489608300.0,5438864269.0,7511582173.0,8957467707.0,9918907108.0,9919158482.0,10567270656.0,10730828592.0,10118459714.0,12637273429.0,15110642876.0,13907464500.0,14271738367.0,15470087926.0,13530749290.0,15082636723.0,16105156376.0,17031943186.0,16725908662.0,14960291541.0,18737066307.0,20352322157.0,0.0
China,58145647143.0,5619317329.0,5666011670.0,46733261107.0,15559862065.0,CHN,GDP (current US$),NY.GDP.MKTP.CD,1211330000000.0,1339400000000.0,1470560000000.0,1660280000000.0,1955350000000.0,2285960000000.0,2752120000000.0,3550330000000.0,4594340000000.0,5101690000000.0,6087190000000.0,7551550000000.0,8532190000000.0,9570470000000.0,10475600000000.0,11061600000000.0,11233300000000.0,12310500000000.0,13894900000000.0,14280000000000.0,14687700000000.0,17820500000000.0,17963200000000.0,0.0
Cote d'Ivoire,3062000000.0,445234027.1,40786315.94,2559290478.0,131619145.5,CIV,GDP (current US$),NY.GDP.MKTP.CD,16577533892.0,16810537038.0,18054383334.0,21251754335.0,23510575669.0,24036918719.0,25281413268.0,28760090924.0,34078240260.0,33886813225.0,34936307964.0,36693710822.0,36302302844.0,42760235496.0,48843005625.0,45815005171.0,48407761032.0,52512344034.0,58522477745.0,59898479821.0,62982768372.0,71811075955.0,70018715017.0,0.0
Cameroon,2567100000.0,300403980.1,750321305.5,1498642496.0,428311894.6,CMR,GDP (current US$),NY.GDP.MKTP.CD,10566579295.0,10953485345.0,12417251342.0,15970315030.0,18826214125.0,19509852219.0,20910512978.0,23928250410.0,27715142006.0,27932970297.0,27507501809.0,30630910513.0,30155062303.0,33728621190.0,36386544716.0,32210233022.0,33814337041.0,36098547059.0,39973842059.0,39670976440.0,40773241212.0,45338285386.0,44341646509.0,0.0
Colombia,33199488071.0,2199389377.0,1371668110.0,29699591580.0,15048767376.0,COL,GDP (current US$),NY.GDP.MKTP.CD,99875074935.0,98200641189.0,97945812790.0,94644969146.0,117092000000.0,145601000000.0,161793000000.0,206230000000.0,242504000000.0,232469000000.0,286499000000.0,334966000000.0,370691000000.0,382094000000.0,381241000000.0,293492000000.0,282720000000.0,311867000000.0,334198000000.0,323032000000.0,270151000000.0,318512000000.0,343939000000.0,0.0
Cabo Verde,62000000.0,56571.37,2491250.0,57642057.16,38361069.25,CPV,GDP (current US$),NY.GDP.MKTP.CD,539227277.6,563090488.9,620507385.7,813260468.9,924940012.9,972241682.1,1107571459.0,1649621735.0,1959620653.0,1852334581.0,1824751460.0,2046817975.0,1913081206.0,2028910915.0,2041930125.0,1749857628.0,1849789993.0,1996741545.0,2205099509.0,2266752197.0,1878277311.0,2091741774.0,2314816792.0,0.0
Czechia,626000000.0,114342545.6,0.0,511686256.7,0.0,CZE,GDP (current US$),NY.GDP.MKTP.CD,61823494487.0,67808695574.0,82196206090.0,100090000000.0,119815000000.0,137143000000.0,156264000000.0,190184000000.0,236817000000.0,207434000000.0,209070000000.0,229563000000.0,208858000000.0,211686000000.0,209359000000.0,188033000000.0,196272000000.0,218629000000.0,249001000000.0,252548000000.0,245975000000.0,281791000000.0,290924000000.0,0.0
Dominica,7760000.0,2763956.4,0.0,4996043.6,0.0,DMA,GDP (current US$),NY.GDP.MKTP.CD,333470370.4,340203703.7,333196296.3,343311111.1,367200000.0,364255555.6,390251851.9,421374074.1,458188888.9,489074074.1,493825925.9,501025925.9,485996296.3,498296296.3,520207407.4,540737037.0,576229629.6,521551851.9,554770370.4,611537037.0,504214814.8,555266666.7,612048148.1,0.0
Dominican Republic,4491440000.0,247701300.5,1397721250.0,2876017450.0,1555256434.0,DOM,GDP (current US$),NY.GDP.MKTP.CD,24305781112.0,25601824419.0,27137441266.0,21403168128.0,22322387610.0,35777560475.0,37879829855.0,43965459071.0,48122601590.0,48261079524.0,53860187452.0,58029773802.0,60681535894.0,62682158700.0,67179956265.0,71164826720.0,75704647977.0,79998045976.0,85555390386.0,88941371980.0,78844655833.0,94243426487.0,113642000000.0,0.0
Algeria,5911830000.0,1605314650.0,0.0,4306515350.0,0.0,DZA,GDP (current US$),NY.GDP.MKTP.CD,54790398813.0,54744698044.0,56760355865.0,67863850334.0,85332581189.0,103198000000.0,117027000000.0,134977000000.0,171001000000.0,137211000000.0,161207000000.0,200013000000.0,209059000000.0,209755000000.0,213810000000.0,165979000000.0,160034000000.0,170097000000.0,174911000000.0,171760000000.0,145744000000.0,163472000000.0,191913000000.0,0.0
Ethiopia,108600000.0,3022.78,0.0,108596977.2,0.0,ETH,GDP (current US$),NY.GDP.MKTP.CD,8242349955.0,8231326016.0,7850809498.0,8623691300.0,10131187261.0,12401139454.0,15280861835.0,19707616773.0,27066912635.0,32437389116.0,29933790334.0,31952763089.0,43310721414.0,47648276190.0,55612228234.0,64589329345.0,74296745599.0,81770886909.0,84269196152.0,95912607970.0,107658000000.0,111262000000.0,126783000000.0,0.0
Fiji,354850000.0,9920950.01,11495848.67,333433201.3,182983751.5,FJI,GDP (current US$),NY.GDP.MKTP.CD,1678219508.0,1652462063.0,1833279985.0,2300492002.0,2708078477.0,2980403465.0,3076305453.0,3378314600.0,3523185920.0,2870624636.0,3140167239.0,3779412255.0,3972028510.0,4189968870.0,4857103847.0,4682480304.0,4930213788.0,5353468388.0,5581425891.0,5481692622.0,4477030180.0,4296235428.0,4943248200.0,0.0
Gabon,1221500000.0,108632484.2,109903116.1,1000747444.0,660691710.9,GAB,GDP (current US$),NY.GDP.MKTP.CD,5080483628.0,5023265411.0,5335451104.0,6511903364.0,7770219004.0,9582783997.0,10327598309.0,12455409575.0,15571348329.0,12113699059.0,14372593014.0,18210307754.0,17170464001.0,17595744804.0,18203966900.0,14383107763.0,14023890264.0,14929487496.0,16867326390.0,16874405460.0,15314577168.0,20217946921.0,21071739228.0,0.0
Ghana,190500000.0,200780020.8,0.0,189719979.2,0.0,GHA,GDP (current US$),NY.GDP.MKTP.CD,4982849054.0,5314871684.0,6166197192.0,7632720680.0,8881419348.0,10744562615.0,20885042153.0,24827333947.0,28679383241.0,26048726186.0,32197648061.0,39336668081.0,41271708600.0,62824629066.0,54783320577.0,49406014245.0,56164933479.0,60405920071.0,67298913752.0,68337974419.0,70043095503.0,79156409410.0,72838798788.0,0.0
Guinea,75200000.0,1700000.0,0.0,73500000.0,0.0,GIN,GDP (current US$),NY.GDP.MKTP.CD,2995361112.0,2829435908.0,2950198724.0,3446441785.0,3635458214.0,2937071740.0,4220019243.0,6281917650.0,6964179188.0,6716904516.0,6853467833.0,6785137215.0,7638045226.0,8376613880.0,8778473643.0,8794202395.0,8595955601.0,10324668271.0,11857030366.0,13442861497.0,14177835841.0,16091817842.0,21227749389.0,0.0
Grenada,40198161.0,5462837.05,2450533.13,32284790.82,12451866.71,GRD,GDP (current US$),NY.GDP.MKTP.CD,520044370.4,520444185.2,540336925.9,591018407.4,599118592.6,695555555.6,698700666.7,758683592.6,825976037.0,771275555.6,771014814.8,778655555.6,799881481.5,842618518.5,911496296.3,997007407.4,1061640741.0,1125685185.0,1166514815.0,1213485185.0,1043411111.0,1122800000.0,1256413185.0,0.0
Guatemala,4817610000.0,505039693.1,473269249.0,3959301058.0,2081848037.0,GTM,GDP (current US$),NY.GDP.MKTP.CD,19288928616.0,18405221418.0,20444205991.0,21576351799.0,23577298589.0,26783388709.0,29744247479.0,33567850095.0,38503718527.0,37126146369.0,40676579265.0,46876004265.0,49593926849.0,52996447956.0,57852150565.0,62186064719.0,66053402745.0,71653756504.0,73328369926.0,77172313916.0,77715183063.0,86053079767.0,95003333381.0,0.0
Guyana,79950000.0,3738478.12,0.0,76211521.88,0.01,GUY,GDP (current US$),NY.GDP.MKTP.CD,712667896.7,712167448.9,726131434.7,743063949.0,787814379.2,824880550.3,2379817987.0,2730971600.0,3025187428.0,3165663153.0,3432912511.0,3691384318.0,4063088529.0,4167800936.0,4127660158.0,4279840194.0,4482697337.0,4748174334.0,4787637006.0,5173760192.0,5471256595.0,8044498801.0,15357537068.0,0.0
Honduras,717250000.0,26269346.96,0.0,690980653.0,-0.01,HND,GDP (current US$),NY.GDP.MKTP.CD,7186638029.0,7651162302.0,7858255253.0,8230391505.0,8869299234.0,9757012869.0,10917476874.0,12361257681.0,13881731631.0,14587496229.0,15839344592.0,17710275997.0,18528554861.0,18499729063.0,19756533658.0,20979791685.0,21717604581.0,23136248046.0,24067750466.0,25089937109.0,23827859695.0,28488721296.0,31717700115.0,0.0
Haiti,2600000.0,0.0,0.0,2600000.0,0.0,HTI,GDP (current US$),NY.GDP.MKTP.CD,6813565983.0,6331970413.0,6205847137.0,5071947798.0,6087360735.0,7030149791.0,7638739124.0,9228637766.0,10432962725.0,11597002930.0,11859312627.0,13008746039.0,13708925403.0,14902488489.0,15146883647.0,14849629408.0,14069277532.0,15093357143.0,16403864521.0,15016090930.0,14508222518.0,20877414952.0,20253551885.0,0.0
Indonesia,64315748591.0,8191323300.0,6242964637.0,49865978162.0,19814170572.0,IDN,GDP (current US$),NY.GDP.MKTP.CD,165021000000.0,160447000000.0,195661000000.0,234772000000.0,256837000000.0,285869000000.0,364571000000.0,432217000000.0,510229000000.0,539580000000.0,755094000000.0,892969000000.0,917870000000.0,912524000000.0,890815000000.0,860854000000.0,931877000000.0,1015620000000.0,1042270000000.0,1119100000000.0,1059050000000.0,1186510000000.0,1319100000000.0,0.0
India,79180360000.0,13908668124.0,13484510268.0,51985397565.0,20712853300.0,IND,GDP (current US$),NY.GDP.MKTP.CD,468395000000.0,485441000000.0,514938000000.0,607699000000.0,709149000000.0,820382000000.0,940260000000.0,1216740000000.0,1198900000000.0,1341890000000.0,1675620000000.0,1823050000000.0,1827640000000.0,1856720000000.0,2039130000000.0,2103590000000.0,2294800000000.0,2651470000000.0,2702930000000.0,2835610000000.0,2671600000000.0,3150310000000.0,3385090000000.0,0.0
Iraq,5204520000.0,306877446.4,818458368.9,4079184185.0,3163847117.0,IRQ,GDP (current US$),NY.GDP.MKTP.CD,48364250944.0,36176430129.0,32928454672.0,21921569479.0,36627901762.0,49954890353.0,65140147197.0,88837055195.0,131614000000.0,111658000000.0,138517000000.0,185750000000.0,218002000000.0,234638000000.0,228416000000.0,166774000000.0,166602000000.0,187218000000.0,227367000000.0,233636000000.0,180924000000.0,207692000000.0,264182000000.0,0.0
Jamaica,3030100000.0,146555253.3,77540076.08,2806004671.0,1009064717.0,JAM,GDP (current US$),NY.GDP.MKTP.CD,9005064475.0,9194727831.0,9719009562.0,9430234852.0,10174664854.0,11243865788.0,11930179173.0,12799600075.0,13709401444.0,12120458141.0,13220549858.0,14444661488.0,14807086491.0,14264205124.0,13899225340.0,14188938781.0,14077105503.0,14808984881.0,15730791526.0,15830766372.0,13812421859.0,14657586359.0,17097760745.0,0.0
Jordan,9515200000.0,859190391.3,1774301134.0,6881708475.0,4185763298.0,JOR,GDP (current US$),NY.GDP.MKTP.CD,8460789845.0,8975812449.0,9582512831.0,10195627645.0,11411706629.0,12588998590.0,15056981664.0,17110442867.0,22658730357.0,24537876056.0,27133804225.0,29524149155.0,31634561690.0,34454440141.0,36847643521.0,38587017887.0,39892551127.0,41608435915.0,43370860704.0,44503005775.0,43579916197.0,45116317042.0,47451499859.0,0.0
Kenya,2486214900.0,270343573.4,135198818.8,2070688921.0,1082919881.0,KEN,GDP (current US$),NY.GDP.MKTP.CD,12705350153.0,12986007426.0,13147736954.0,14904517650.0,16095337094.0,18737895401.0,25825512278.0,31958195182.0,35895153328.0,42347217913.0,45405615233.0,46869473166.0,56396704833.0,61671440481.0,68285796663.0,70120446664.0,74815143796.0,82036511259.0,92202979941.0,100378000000.0,100658000000.0,109704000000.0,113420000000.0,0.0
St. Kitts and Nevis,27319322.0,3118387.99,0.0,24200934.01,0.0,KNA,GDP (current US$),NY.GDP.MKTP.CD,421695769.8,458643829.0,481077373.7,469869869.9,506900000.0,547203703.7,644414814.8,689285185.2,777691333.3,774273111.1,778718518.5,836092592.6,825381481.5,874896296.3,953170370.4,957037037.0,1008100000.0,1058944444.0,1076922222.0,1107844444.0,884522222.2,860844444.4,961563259.3,0.0
Lebanon,3750330000.0,1336819174.0,780525348.2,1962885478.0,853820903.9,LBN,GDP (current US$),NY.GDP.MKTP.CD,17260364842.0,17649751244.0,19152238806.0,20082918740.0,21159827992.0,21497336499.0,22022709852.0,24827355015.0,29118916106.0,35399582929.0,38443907042.0,39927125961.0,44016799516.0,46880103081.0,48095213746.0,49929337837.0,51147308774.0,53027680686.0,54901519156.0,51605959131.0,31712128254.0,23131941557.0,0.0,0.0
Liberia,155950000.0,14693264.56,0.0,141256735.4,-0.02,LBR,GDP (current US$),NY.GDP.MKTP.CD,874000000.0,906000000.0,927000000.0,748000000.0,897000000.0,949000000.0,1119000000.0,1373000000.0,1726000000.0,1768000000.0,1998000000.0,2398000000.0,2791614000.0,3177198100.0,3225652000.0,3227075700.0,3398419600.0,3390703400.0,3422754800.0,3319596500.0,3039982500.0,3509000000.0,4001047150.0,0.0
St. Lucia,40146161.0,2292682.44,0.0,37853478.56,2640000.01,LCA,GDP (current US$),NY.GDP.MKTP.CD,932592592.6,892592592.6,900000000.0,987407407.4,1066666667.0,1135555556.0,1268319185.0,1336088815.0,1437731111.0,1401507889.0,1482370370.0,1568370370.0,1598222222.0,1660222222.0,1749296296.0,1807222222.0,1865444444.0,1996703704.0,2057074074.0,2094185185.0,1516000000.0,1691259259.0,2065027556.0,0.0
Sri Lanka,1856710000.0,361134464.6,331316798.9,1189258736.0,967603495.1,LKA,GDP (current US$),NY.GDP.MKTP.CD,16330814180.0,15749753805.0,16536535647.0,18881765437.0,20662525941.0,24405791045.0,28279802451.0,32350238663.0,40713826321.0,42066223971.0,58636160849.0,67753284135.0,70447217164.0,77000578207.0,82528535573.0,85140955517.0,88012281910.0,94376237832.0,94493871351.0,89014978319.0,84440535699.0,88496535599.0,74403578363.0,0.0
Morocco,25159314000.0,1779312192.0,3775575803.0,19249764178.0,9319698401.0,MAR,GDP (current US$),NY.GDP.MKTP.CD,43017455401.0,43831480206.0,47077192184.0,58029361339.0,66114147932.0,68852655480.0,75883820424.0,86947909745.0,101823000000.0,101155000000.0,100865000000.0,110081000000.0,106937000000.0,115739000000.0,119131000000.0,110414000000.0,111573000000.0,118541000000.0,127341000000.0,128920000000.0,121348000000.0,142867000000.0,134182000000.0,0.0
Moldova,783680000.0,94516865.09,207131488.2,506321358.7,256905234.2,MDA,GDP (current US$),NY.GDP.MKTP.CD,1288429392.0,1480673594.0,1661818168.0,1980907435.0,2598249556.0,2988342907.0,3408255364.0,4401173162.0,6054824433.0,5439434059.0,6974982391.0,8414351672.0,8709138767.0,9496717701.0,9399833207.0,7798692878.0,7982450758.0,9519053158.0,11253727815.0,11735774634.0,11531967881.0,13692230147.0,14420947884.0,0.0
Madagascar,32850000.0,279119.93,0.0,32570880.07,0.0,MDG,GDP (current US$),NY.GDP.MKTP.CD,4629247205.0,5438332601.0,5351701665.0,6372498891.0,5064732625.0,5859269752.0,6395712492.0,8524620891.0,10725137722.0,9616879408.0,9982711338.0,11551819618.0,11578975064.0,12423555457.0,12522957401.0,11323020700.0,11848613860.0,13176313594.0,13760033283.0,14104664678.0,13051441203.0,14554754115.0,14954967604.0,0.0
Mexico,60570150465.0,7603604019.0,890963055.6,52830931354.0,14995434689.0,MEX,GDP (current US$),NY.GDP.MKTP.CD,707910000000.0,756703000000.0,772110000000.0,729335000000.0,782243000000.0,877477000000.0,975383000000.0,1052700000000.0,1109990000000.0,900047000000.0,1057800000000.0,1180490000000.0,1201090000000.0,1274440000000.0,1315360000000.0,1171870000000.0,1078490000000.0,1158910000000.0,1222410000000.0,1269010000000.0,1090510000000.0,1272840000000.0,1414190000000.0,0.0
North Macedonia,2354280124.0,448490778.8,224428341.9,1638380852.0,627803001.8,MKD,GDP (current US$),NY.GDP.MKTP.CD,3772859053.0,3709636012.0,4018365768.0,4946296569.0,5682784433.0,6258602830.0,6861227018.0,8336475036.0,9909552356.0,9401736825.0,9407170389.0,10494626768.0,9745261301.0,10817702424.0,11362265294.0,10064519963.0,10672467073.0,11307067001.0,12683068033.0,12606338449.0,12363580535.0,13825049832.0,13563132057.0,0.0
Myanmar,33350000.0,226056.18,0.0,33123943.82,0.01,MMR,GDP (current US$),NY.GDP.MKTP.CD,6849321646.0,6220270632.0,6110632858.0,7754647428.0,9390855298.0,10588433069.0,11863016315.0,15591182545.0,23013015832.0,29455165595.0,37796052939.0,54118601975.0,58318677645.0,60572257122.0,63264892768.0,63045306514.0,60291738935.0,61449391917.0,67144726168.0,68697761477.0,78930259069.0,65124769602.0,59364362541.0,0.0
Mongolia,233800000.0,0.0,198073891.4,35726108.62,35726108.62,MNG,GDP (current US$),NY.GDP.MKTP.CD,1136896124.0,1267997934.0,1396555720.0,1595297356.0,1992066808.0,2523471602.0,3414055663.0,4234999703.0,5623216610.0,4583850368.0,7189482001.0,10409797375.0,12292770631.0,12582122604.0,12226514666.0,11619892593.0,11181350649.0,11480847740.0,13178094720.0,14206359016.0,13312981427.0,15286441740.0,16810883361.0,0.0
Mozambique,30000000.0,30000000.0,0.0,0.0,0.0,MOZ,GDP (current US$),NY.GDP.MKTP.CD,5656473652.0,5398557896.0,5677013629.0,6303399758.0,7631106171.0,8542083074.0,9176896597.0,10450826527.0,12556173243.0,11914471513.0,11104649065.0,14381552467.0,16350813487.0,16974314296.0,17716091057.0,15950979333.0,11936993087.0,13219079498.0,14845400593.0,15390031040.0,14156864916.0,15776757420.0,17851491428.0,0.0
Malawi,124100000.0,19583574.31,0.0,104516425.7,0.0,MWI,GDP (current US$),NY.GDP.MKTP.CD,2537307566.0,2498008653.0,5087328438.0,4669789300.0,5058726350.0,5320409651.0,5818279739.0,6451210219.0,7743617352.0,9009887947.0,10128323011.0,11648142958.0,8773203178.0,8031571928.0,8801326169.0,9219474373.0,7909868618.0,8943543677.0,9880675786.0,11025371147.0,12056108780.0,12602334124.0,13164667627.0,0.0
Namibia,15000000.0,0.0,0.0,15074534.82,0.0,NAM,GDP (current US$),NY.GDP.MKTP.CD,3922231976.0,3557341284.0,3349169932.0,4926439275.0,6609206506.0,7248375217.0,8001779551.0,8839536894.0,8607431845.0,8938847364.0,11431412421.0,12523359441.0,13042053857.0,12043307277.0,12435430396.0,11335161230.0,10722018975.0,12895153160.0,13682019172.0,12541928103.0,10583748757.0,12446290855.0,12607436976.0,0.0
Nicaragua,233550000.0,3944969.78,0.0,229605030.2,0.0,NIC,GDP (current US$),NY.GDP.MKTP.CD,5107329007.0,5323146566.0,5224213018.0,5322454926.0,5795568205.0,6321324455.0,6763418646.0,7423365275.0,8496948184.0,8298736471.0,8758619131.0,9774320144.0,10531980451.0,10982954744.0,11880433903.0,12756722238.0,13286066155.0,13785890939.0,13025266513.0,12699028890.0,12678162359.0,14145852101.0,15671583878.0,0.0
Pakistan,13588650000.0,1610572049.0,2975853193.0,9006969601.0,2397292263.0,PAK,GDP (current US$),NY.GDP.MKTP.CD,82017743416.0,79484403985.0,79904985385.0,91760542940.0,107760000000.0,120055000000.0,137264000000.0,152386000000.0,170078000000.0,168153000000.0,177166000000.0,213588000000.0,224384000000.0,231218000000.0,244361000000.0,270556000000.0,313630000000.0,339206000000.0,356128000000.0,320909000000.0,300426000000.0,348263000000.0,376533000000.0,0.0
Peru,16696289000.0,2607759063.0,613414051.3,13475115885.0,5445590141.0,PER,GDP (current US$),NY.GDP.MKTP.CD,51744749133.0,52030158775.0,54777553515.0,58731030122.0,66768703498.0,76060606061.0,88643193062.0,102171000000.0,120551000000.0,120823000000.0,147528000000.0,171762000000.0,192650000000.0,201176000000.0,200786000000.0,189803000000.0,191898000000.0,211008000000.0,222597000000.0,228326000000.0,201948000000.0,223718000000.0,242632000000.0,0.0
Philippines,28483577115.0,2703489070.0,3532386265.0,22278247890.0,11642970125.0,PHL,GDP (current US$),NY.GDP.MKTP.CD,83669788255.0,78921234458.0,84307346432.0,87039092439.0,95002000250.0,107420000000.0,127653000000.0,155980000000.0,181625000000.0,175975000000.0,208369000000.0,234217000000.0,261921000000.0,283903000000.0,297484000000.0,306446000000.0,318627000000.0,328481000000.0,346842000000.0,376823000000.0,361751000000.0,394087000000.0,404284000000.0,0.0
Papua New Guinea,866620000.0,70563079.67,79925000.0,716131920.3,75000.02,PNG,GDP (current US$),NY.GDP.MKTP.CD,3521339699.0,3081024212.0,2999511040.0,3536411824.0,3927157867.0,4865892972.0,8354911622.0,9545029481.0,11670891360.0,11619455043.0,14250785801.0,17985138450.0,21295165201.0,21261338065.0,23210823987.0,21723439626.0,20758874953.0,22742696408.0,24109780113.0,24751069238.0,23848442440.0,26311656000.0,30633444295.0,0.0
Paraguay,2617971000.0,145649097.6,406397052.7,2065924850.0,1115661648.0,PRY,GDP (current US$),NY.GDP.MKTP.CD,8855705140.0,8495806432.0,7196260657.0,7691367471.0,9624440836.0,10737500188.0,13429430050.0,17856393235.0,24615267617.0,22355151178.0,27129301048.0,33737033607.0,33296438409.0,38651334593.0,40377987315.0,36211372646.0,36089550672.0,38997129809.0,40225448651.0,37925338460.0,35432177936.0,39950899733.0,41722295362.0,0.0
Sudan,166000000.0,27014050.6,0.0,138985949.4,0.01,SDN,GDP (current US$),NY.GDP.MKTP.CD,12257299147.0,15716361539.0,18137126092.0,21355295732.0,26646007251.0,35182707174.0,45263824686.0,59440139775.0,64833088568.0,58315346841.0,74151157012.0,78402841445.0,63196236489.0,66027147865.0,76818773785.0,84984672416.0,102944000000.0,129719000000.0,32333780383.0,32338079165.0,27034593750.0,34229513775.0,51662241775.0,0.0
Senegal,162950000.0,33624524.04,0.0,129325476.0,0.0,SEN,GDP (current US$),NY.GDP.MKTP.CD,6013185004.0,6507824827.0,7006402325.0,8768721561.0,10076816661.0,11009033445.0,11697918245.0,13994218399.0,16853989611.0,16145867483.0,16121315902.0,17814283650.0,17660870396.0,18918667731.0,19797253445.0,17774766697.0,19040312331.0,20996562959.0,23116701540.0,23403995985.0,24530513059.0,27569136728.0,27684430244.0,0.0
Sierra Leone,18700000.0,0.0,0.0,18700000.0,0.0,SLE,GDP (current US$),NY.GDP.MKTP.CD,635874002.2,1074851475.0,1236235827.0,1369685677.0,1430217081.0,1627058706.0,1862116165.0,2126679686.0,2451896682.0,2419014960.0,2578159480.0,2932274242.0,3789251962.0,4920343203.0,5015180836.0,4252029354.0,3862721205.0,3719443318.0,4085114542.0,4076578654.0,4062906364.0,4249234574.0,3970343852.0,0.0
El Salvador,3292685000.0,305412697.8,762590362.0,2224681940.0,857495776.4,SLV,GDP (current US$),NY.GDP.MKTP.CD,11784927700.0,12282533600.0,12664190300.0,13243892200.0,13724810900.0,14698000000.0,15999890000.0,17011750000.0,17986890000.0,17601620000.0,18447920000.0,20283780000.0,21386150000.0,21990960000.0,22593470000.0,23438240000.0,24191430000.0,24979190000.0,26020850000.0,26881140000.0,24930080000.0,29451240000.0,32488720000.0,0.0
Suriname,58000000.0,0.0,44174412.08,13825587.92,13825587.92,SUR,GDP (current US$),NY.GDP.MKTP.CD,947671969.7,834279357.8,1093574468.0,1274190311.0,1484092538.0,1793410617.0,2626380435.0,2936612022.0,3532969035.0,3875409836.0,4368371528.0,4422276622.0,4980000000.0,5145757576.0,5240606061.0,5126238146.0,3317421500.0,3591679371.0,3996198760.0,4016040575.0,2911807496.0,2984706244.0,3620655116.0,0.0
Slovak Republic,574520000.0,27735951.13,-0.01,596975665.3,0.0,SVK,GDP (current US$),NY.GDP.MKTP.CD,29242558797.0,30778781607.0,35297794386.0,46919965224.0,57437444469.0,62808723477.0,70767338922.0,86563986799.0,100880000000.0,89399303222.0,91162836320.0,99922685425.0,94623731086.0,98935222175.0,101437000000.0,88900883131.0,89952699525.0,95649966261.0,106138000000.0,105710000000.0,106729000000.0,118657000000.0,115469000000.0,0.0
Eswatini,410000000.0,55591797.41,95845006.3,307892402.8,185536491.8,SWZ,GDP (current US$),NY.GDP.MKTP.CD,1738093757.0,1542477309.0,1432221784.0,2197598418.0,2770082792.0,3178112332.0,3291329938.0,3469381231.0,3294084181.0,3580427986.0,4438765109.0,4820478592.0,4886551706.0,4597552949.0,4422986447.0,4063245671.0,3816019223.0,4402969226.0,4666598024.0,4466214522.0,3982236726.0,4748702401.0,4854167638.0,0.0
Seychelles,181700000.0,195885.31,22370407.11,159172852.2,139959836.0,SYC,GDP (current US$),NY.GDP.MKTP.CD,654212432.4,662064193.6,742134792.4,750847276.4,893012218.2,977899381.8,1081441349.0,1077308888.0,979597364.9,851064318.8,981918002.9,1059249940.0,1089880668.0,1324915222.0,1387576414.0,1391427967.0,1458954110.0,1529773286.0,1587813245.0,1645090567.0,1183515398.0,1286687873.0,1588406479.0,0.0
Syrian Arab Republic,613200000.0,194580424.0,0.0,418619576.0,0.0,SYR,GDP (current US$),NY.GDP.MKTP.CD,80590022272.0,86771314031.0,90558485523.0,95693808463.0,112863000000.0,134204000000.0,153800000000.0,180030000000.0,218090000000.0,224562000000.0,252518000000.0,67539427671.0,43190317725.0,21361254648.0,21502061462.0,16468399180.0,12598742887.0,16369724433.0,21496337968.0,22600896352.0,11159274040.0,0.0,0.0,0.0
Chad,39500000.0,2139893.71,0.0,37360106.29,0.0,TCD,GDP (current US$),NY.GDP.MKTP.CD,1388506772.0,1710843376.0,1997005710.0,2742815071.0,4422855658.0,6649307528.0,7428701455.0,8650137735.0,10393833755.0,9290728312.0,10668103549.0,12172308858.0,12367362746.0,12953534870.0,13940767222.0,10950392257.0,10097778097.0,10000394388.0,11239167890.0,11314951088.0,10715396051.0,11779981332.0,12704149842.0,0.0
Togo,3500000.0,0.0,0.0,3500000.0,0.0,TGO,GDP (current US$),NY.GDP.MKTP.CD,2027363117.0,2014516701.0,2319268823.0,2875255593.0,3071152629.0,3100356552.0,3195618966.0,3618281293.0,4516616224.0,4592147228.0,4660369658.0,5262368232.0,5263522037.0,5872790935.0,6217047649.0,5681469374.0,6031632015.0,6395472028.0,7029217932.0,6992656429.0,7389329393.0,8334047486.0,8126439481.0,0.0
Turkmenistan,109500000.0,51600566.1,0.0,57899433.9,20000000.0,TKM,GDP (current US$),NY.GDP.MKTP.CD,2904662605.0,3534771969.0,4462028989.0,5977440583.0,6838351088.0,8103901996.0,10276674365.0,12664165103.0,19271523179.0,20214385965.0,22583157895.0,29233333333.0,35164210526.0,39197543860.0,43524210526.0,35799714286.0,36169428571.0,37926285714.0,40765428571.0,44220285714.0,45610571429.0,0.0,0.0,0.0
Timor-Leste,15000000.0,46317.37,0.0,14953682.63,13809071.17,TLS,GDP (current US$),NY.GDP.MKTP.CD,367087900.0,477443500.0,469506700.0,490439100.0,440764600.0,462283600.0,453805100.0,542795400.0,648492700.0,726882400.0,881827800.0,1042411500.0,1160389600.0,1395519600.0,1447310400.0,1594447600.0,1650619400.0,1595724300.0,1563887900.0,2028551600.0,2158392500.0,3621222400.0,3163324631.0,0.0
Tunisia,12238530000.0,759536946.4,1192752652.0,10225016726.0,4218616029.0,TUN,GDP (current US$),NY.GDP.MKTP.CD,21473522939.0,22065840117.0,23141611179.0,27453895159.0,31183893587.0,32272178404.0,34376664601.0,38915343743.0,44859452038.0,43455740497.0,46206091938.0,48123314430.0,47311411910.0,48685436425.0,50271812921.0,45779494042.0,44360065797.0,42163530591.0,42686509836.0,41905637659.0,42538462678.0,46687298709.0,46664948952.0,0.0
Turkiye,50915196500.0,4733750747.0,8429268064.0,37377128181.0,11236467248.0,TUR,GDP (current US$),NY.GDP.MKTP.CD,274295000000.0,201753000000.0,240249000000.0,314596000000.0,408865000000.0,506315000000.0,557076000000.0,681321000000.0,770449000000.0,649289000000.0,776967000000.0,838786000000.0,880556000000.0,957799000000.0,938934000000.0,864314000000.0,869683000000.0,858989000000.0,778477000000.0,759935000000.0,720289000000.0,819034000000.0,905988000000.0,0.0
Tanzania,361030400.0,5477944.02,0.0,355552456.0,0.0,TZA,GDP (current US$),NY.GDP.MKTP.CD,13375976354.0,13581644246.0,14142035080.0,15224257698.0,16675948415.0,18399046025.0,18649590248.0,21843529025.0,27961527623.0,29081826159.0,32014247548.0,34657141721.0,39650522646.0,45680532614.0,49964825081.0,47378603784.0,49774004999.0,53275968095.0,57003686049.0,61026765850.0,66068737757.0,70655628141.0,75709289056.0,0.0
Uganda,43199700.0,277411.36,0.0,42922288.63,0.0,UGA,GDP (current US$),NY.GDP.MKTP.CD,6193246837.0,5840503869.0,6178563591.0,6606884274.0,7939487548.0,9239221760.0,9977647685.0,11902564497.0,14440404137.0,25127805566.0,26673441432.0,27871725245.0,27305915908.0,28915786520.0,32612397253.0,32387183733.0,29203988697.0,30744473840.0,32927025621.0,35348155092.0,37605430214.0,40510241366.0,45559202049.0,0.0
Ukraine,19996898577.0,2096465893.0,2007672818.0,15812993356.0,10077737094.0,UKR,GDP (current US$),NY.GDP.MKTP.CD,32375081951.0,39309580983.0,43956163612.0,52010352502.0,67220154164.0,89238865119.0,111885000000.0,148734000000.0,188110000000.0,121552000000.0,141209000000.0,169334000000.0,182592000000.0,190499000000.0,133504000000.0,91030968761.0,93355868978.0,112091000000.0,130891000000.0,153883000000.0,156618000000.0,199766000000.0,160503000000.0,0.0
Uzbekistan,4276530000.0,425553063.4,656085715.9,3204888221.0,2635904433.0,UZB,GDP (current US$),NY.GDP.MKTP.CD,13760513969.0,11401421329.0,9687788513.0,10134453435.0,12030023548.0,14307509839.0,17330833853.0,22311393928.0,29549438884.0,33689223673.0,49765676402.0,60178909297.0,67517349212.0,73180037913.0,80845385816.0,86196264742.0,86138288633.0,62081322741.0,52870108218.0,60283503705.0,60224701296.0,69600614989.0,80391853885.0,0.0
Vietnam,3587390000.0,709157426.3,512850477.1,2465382097.0,2191075235.0,VNM,GDP (current US$),NY.GDP.MKTP.CD,31172518403.0,32685198809.0,35064105501.0,39552513231.0,45427854693.0,57633255739.0,66371664817.0,77414425532.0,99130304099.0,106015000000.0,147201000000.0,172595000000.0,195591000000.0,213709000000.0,233451000000.0,239258000000.0,257096000000.0,281354000000.0,310106000000.0,334365000000.0,346616000000.0,366138000000.0,408802000000.0,0.0
Kosovo,385645134.0,0.0,0.0,385645134.0,104339819.6,XKX,GDP (current US$),NY.GDP.MKTP.CD,0.0,0.0,0.0,0.0,0.0,0.0,0.0,0.0,5181776769.0,5015894693.0,5343950626.0,6341614505.0,6163483291.0,6735327512.0,7074392884.0,6295845465.0,6682674063.0,7180768692.0,7878762812.0,7899741279.0,7717143395.0,9412034299.0,9429156202.0,0.0
South Africa,5815300000.0,697911892.1,507157666.5,4584096756.0,2578549642.0,ZAF,GDP (current US$),NY.GDP.MKTP.CD,151753000000.0,135430000000.0,129088000000.0,197019000000.0,255807000000.0,288867000000.0,303859000000.0,333077000000.0,316131000000.0,329754000000.0,417364000000.0,458199000000.0,434401000000.0,400886000000.0,381199000000.0,346710000000.0,323586000000.0,381449000000.0,404159000000.0,388531000000.0,337620000000.0,419016000000.0,405870000000.0,0.0
Zambia,635350000.0,53220016.22,0.0,582129983.8,0.01,ZMB,GDP (current US$),NY.GDP.MKTP.CD,3600631919.0,4094441301.0,4193850445.0,4901869716.0,6221109716.0,8331870169.0,12756858899.0,14056957976.0,17910858638.0,15328342304.0,20265559484.0,23459515276.0,25503060420.0,28037239463.0,27141023558.0,21251216799.0,20958412538.0,25873601261.0,26311506435.0,23308667781.0,18110638619.0,22147649569.0,29784454056.0,0.0
Zimbabwe,939300000.0,53297024.84,0.0,886002975.2,426437377.3,ZWE,GDP (current US$),NY.GDP.MKTP.CD,6689957600.0,6777384700.0,6342116400.0,5727591800.0,5805598400.0,5755215200.0,5443896500.0,5291950100.0,4415702800.0,9665793300.0,12041655200.0,14101920300.0,17114849900.0,19091020000.0,19495519600.0,19963120600.0,20548678100.0,17584890937.0,34156069918.0,21832234926.0,21509698406.0,28371238666.0,20678055598.0,0.0
Angola,6407000000.0,203643829.8,3372896505.0,3007022980.0,2989566101.0,AGO,GDP (current US$),NY.GDP.MKTP.CD,9129594819.0,8936079253.0,15285592487.0,17812704626.0,23552057820.0,36970901025.0,52381025105.0,65266415707.0,88538664888.0,70307196477.0,81699526881.0,109437000000.0,124998000000.0,133402000000.0,137244000000.0,87219300385.0,49840491178.0,68972769396.0,77792944472.0,69309110146.0,50241368244.0,65685435100.0,106714000000.0,0.0
Bulgaria,3301265000.0,356017280.8,0.01,2972458203.0,437469074.3,BGR,GDP (current US$),NY.GDP.MKTP.CD,13245990274.0,14183443862.0,16403043850.0,21144962058.0,26157744753.0,29868651533.0,34380543845.0,44432811756.0,54480697770.0,52023813558.0,50754203891.0,57735709914.0,54290156342.0,55844245264.0,57159557805.0,50828088836.0,53987487124.0,59343060706.0,66399602077.0,68911930628.0,70404359049.0,84061395658.0,89040398406.0,0.0
Brazil,64642193872.0,6810518149.0,2285819482.0,55892273038.0,15872819482.0,BRA,GDP (current US$),NY.GDP.MKTP.CD,655448000000.0,559984000000.0,509795000000.0,558234000000.0,669289000000.0,891634000000.0,1107630000000.0,1397110000000.0,1695860000000.0,1667000000000.0,2208840000000.0,2616160000000.0,2465230000000.0,2472820000000.0,2456040000000.0,1802210000000.0,1795690000000.0,2063510000000.0,1916930000000.0,1873290000000.0,1476110000000.0,1649620000000.0,1920100000000.0,0.0
Ecuador,9525580000.0,1061200969.0,1559592169.0,6904786862.0,4475842910.0,ECU,GDP (current US$),NY.GDP.MKTP.CD,18327764882.0,24468324000.0,28548945000.0,32432858000.0,36591661000.0,41507085000.0,46802044000.0,51007777000.0,61762635000.0,62519686000.0,69555367000.0,79276664000.0,87924544000.0,95129659000.0,101726000000.0,99290381000.0,99937696000.0,104296000000.0,107562000000.0,108108000000.0,99291124000.0,106166000000.0,115049000000.0,0.0
Lesotho,155000000.0,65649284.26,0.0,89350715.74,0.0,LSO,GDP (current US$),NY.GDP.MKTP.CD,887291645.3,825706961.2,775777263.1,1157825409.0,1511236656.0,1682343439.0,1800092519.0,1682025303.0,1766820422.0,1740835820.0,2234731974.0,2579421686.0,2477702253.0,2367113170.0,2441063169.0,2359754088.0,2114426469.0,2306741599.0,2556247156.0,2436029588.0,2117736528.0,2373416269.0,2553459763.0,0.0
Mauritania,146000000.0,0.0,0.0,146000000.0,0.01,MRT,GDP (current US$),NY.GDP.MKTP.CD,1779520862.0,1746063580.0,1777057503.0,2051147607.0,2362501023.0,2936019526.0,3919577286.0,4346212411.0,5206437121.0,4714595488.0,5628878866.0,6764627666.0,6728208836.0,7223071177.0,6592537782.0,6166863960.0,6398741856.0,6800138755.0,7473550557.0,8066118984.0,8405498736.0,9996240419.0,10375460680.0,0.0
Nigeria,7942200000.0,1164590458.0,1122057011.0,5805552531.0,488189833.0,NGA,GDP (current US$),NY.GDP.MKTP.CD,69448962761.0,74030562270.0,95054094655.0,104739000000.0,135765000000.0,175671000000.0,238455000000.0,278261000000.0,339476000000.0,295009000000.0,366991000000.0,414467000000.0,463971000000.0,520117000000.0,574184000000.0,493027000000.0,404649000000.0,375746000000.0,421739000000.0,474517000000.0,432199000000.0,440834000000.0,477386000000.0,0.0
Russian Federation,14451100000.0,3981746497.0,0.0,10469215928.0,-0.01,RUS,GDP (current US$),NY.GDP.MKTP.CD,259710000000.0,306602000000.0,345470000000.0,430347000000.0,591017000000.0,764016000000.0,989932000000.0,1299700000000.0,1660850000000.0,1222650000000.0,1524920000000.0,2045920000000.0,2208290000000.0,2292470000000.0,2059240000000.0,1363480000000.0,1276790000000.0,1574200000000.0,1657330000000.0,1693110000000.0,1493080000000.0,1836890000000.0,2240420000000.0,0.0
St. Vincent and the Grenadines,14642161.0,4943783.71,0.0,9698377.29,0.02,VCT,GDP (current US$),NY.GDP.MKTP.CD,427946037.0,462072333.3,487763851.9,509090888.9,549900185.2,579948925.9,643501148.1,713596666.7,732663259.3,714300259.3,720447888.9,713796370.4,730032592.6,764781259.3,770901436.4,786554580.8,814302267.1,844039068.8,884328180.5,910765709.8,869111852.8,872226063.7,948558503.1,0.0
Argentina,42466653000.0,4680850784.0,5289592137.0,33000224304.0,9498278955.0,ARG,GDP (current US$),NY.GDP.MKTP.CD,284204000000.0,268697000000.0,97724004252.0,127587000000.0,164658000000.0,198737000000.0,232557000000.0,287531000000.0,361558000000.0,332976000000.0,423627000000.0,530158000000.0,545982000000.0,552025000000.0,526320000000.0,594749000000.0,557532000000.0,643628000000.0,524820000000.0,447755000000.0,385540000000.0,487227000000.0,632770000000.0,1.0
Australia,417730000.0,0.0,0.0,417730000.0,-0.02,AUS,GDP (current US$),NY.GDP.MKTP.CD,415845000000.0,379358000000.0,395573000000.0,467498000000.0,614326000000.0,695305000000.0,747907000000.0,854427000000.0,1055690000000.0,928630000000.0,1148570000000.0,1398460000000.0,1546950000000.0,1576330000000.0,1467590000000.0,1350580000000.0,1206560000000.0,1326470000000.0,1428270000000.0,1392220000000.0,1326940000000.0,1552700000000.0,1675420000000.0,1.0
Belgium,76000000.0,0.0,0.0,76000000.0,0.0,BEL,GDP (current US$),NY.GDP.MKTP.CD,236792000000.0,236746000000.0,258384000000.0,318083000000.0,369215000000.0,385715000000.0,408260000000.0,470922000000.0,517328000000.0,483254000000.0,481421000000.0,523330000000.0,496153000000.0,521791000000.0,535390000000.0,462336000000.0,476063000000.0,502765000000.0,543299000000.0,535866000000.0,525213000000.0,594352000000.0,578604000000.0,1.0
Belarus,2196420000.0,460682915.9,69897.36,1742576324.0,998716485.2,BLR,GDP (current US$),NY.GDP.MKTP.CD,12736856828.0,12354820144.0,14594928109.0,17825437483.0,23141593074.0,30210091837.0,36961822468.0,45275747157.0,60752177439.0,50873181572.0,57231904543.0,61762340943.0,65685903570.0,75527537703.0,78812785768.0,56454895055.0,47723549319.0,54725311690.0,60031163987.0,64410112583.0,61371755326.0,69673747132.0,72793457588.0,1.0
Chile,4644107000.0,756105274.6,150036400.0,3858859325.0,150089600.0,CHL,GDP (current US$),NY.GDP.MKTP.CD,78249883996.0,71517267768.0,70295232513.0,76507853876.0,99079365628.0,122315000000.0,153840000000.0,172566000000.0,179663000000.0,171413000000.0,217105000000.0,251225000000.0,267176000000.0,277239000000.0,259405000000.0,242497000000.0,249299000000.0,276365000000.0,295403000000.0,278493000000.0,254096000000.0,316714000000.0,301025000000.0,1.0
Costa Rica,3747770500.0,374111679.1,878441639.6,2615217181.0,1564294104.0,CRI,GDP (current US$),NY.GDP.MKTP.CD,15013629659.0,15976174337.0,16578820687.0,17271760507.0,18610594846.0,20040642477.0,22715540324.0,26884700345.0,30801744881.0,30745714327.0,37658614803.0,42762613706.0,47231655433.0,50949668886.0,52016408924.0,56441920824.0,58847019585.0,60516044623.0,62420164965.0,64417670556.0,62395610764.0,64616482168.0,68380838316.0,1.0
Cyprus,418800000.0,94656258.01,0.0,324143742.0,-0.01,CYP,GDP (current US$),NY.GDP.MKTP.CD,9985844486.0,10397897086.0,11420227885.0,14547325028.0,17320552500.0,18433411267.0,20072786351.0,23968764030.0,27844698989.0,25945391775.0,25799940416.0,27641551809.0,25047433100.0,23959708956.0,23225912183.0,19909269065.0,21046452117.0,22946583376.0,25597301191.0,25945194240.0,25008266159.0,28408064462.0,28439052741.0,1.0
Denmark,85000000.0,0.0,0.0,85000000.0,0.0,DNK,GDP (current US$),NY.GDP.MKTP.CD,164158000000.0,164791000000.0,178635000000.0,218097000000.0,251375000000.0,264467000000.0,282886000000.0,319423000000.0,353359000000.0,321243000000.0,321995000000.0,344003000000.0,327149000000.0,343584000000.0,352994000000.0,302673000000.0,313116000000.0,332121000000.0,356841000000.0,346499000000.0,355222000000.0,398303000000.0,395404000000.0,1.0
Spain,478700000.0,62396194.65,0.0,416303805.4,0.03,ESP,GDP (current US$),NY.GDP.MKTP.CD,598363000000.0,627830000000.0,708757000000.0,907492000000.0,1069060000000.0,1153720000000.0,1260400000000.0,1474000000000.0,1631860000000.0,1491470000000.0,1422110000000.0,1480710000000.0,1324750000000.0,1355580000000.0,1371820000000.0,1196160000000.0,1233550000000.0,1313250000000.0,1421700000000.0,1394320000000.0,1276960000000.0,1427380000000.0,1397510000000.0,1.0
Estonia,150700000.0,19676222.12,0.01,125411712.3,0.0,EST,GDP (current US$),NY.GDP.MKTP.CD,5686579748.0,6254649539.0,7367975888.0,9874013098.0,12145911801.0,14106790200.0,17022870405.0,22449129483.0,24341678629.0,19633031398.0,19523477326.0,23213994093.0,23019150071.0,25115753366.0,26634083965.0,22890762090.0,24072829277.0,26924385103.0,30624720196.0,31081901909.0,31370395573.0,37191166152.0,38100812959.0,1.0
Finland,316779464.4,14542428.74,0.0,302237035.7,0.0,FIN,GDP (current US$),NY.GDP.MKTP.CD,126020000000.0,129533000000.0,140404000000.0,171652000000.0,197479000000.0,204885000000.0,217089000000.0,256378000000.0,285716000000.0,253498000000.0,249424000000.0,275604000000.0,258290000000.0,271362000000.0,274863000000.0,234534000000.0,240771000000.0,255648000000.0,275708000000.0,268515000000.0,271886000000.0,296388000000.0,280826000000.0,1.0
France,250000000.0,0.0,0.0,250000000.0,0.0,FRA,GDP (current US$),NY.GDP.MKTP.CD,1365640000000.0,1377660000000.0,1501410000000.0,1844540000000.0,2119630000000.0,2196950000000.0,2320540000000.0,2660590000000.0,2930300000000.0,2700890000000.0,2645190000000.0,2865160000000.0,2683670000000.0,2811880000000.0,2855960000000.0,2439190000000.0,2472960000000.0,2595150000000.0,2790960000000.0,2728870000000.0,2639010000000.0,2957880000000.0,2782910000000.0,1.0
Georgia,2516800000.0,36943124.12,870984184.5,1583048416.0,1446645401.0,GEO,GDP (current US$),NY.GDP.MKTP.CD,3057475335.0,3219462780.0,3395766678.0,3991377904.0,5125365192.0,6410912050.0,7745249284.0,10172933118.0,12795147992.0,10766919442.0,12243219360.0,15107482383.0,16488819133.0,17190068236.0,17627336228.0,14953675993.0,15141598623.0,16242647230.0,17596922470.0,17470436259.0,15842922533.0,18629365612.0,24605375420.0,1.0
Greece,490800000.0,118459339.8,0.0,372340660.2,0.0,GRC,GDP (current US$),NY.GDP.MKTP.CD,130458000000.0,136309000000.0,154564000000.0,202370000000.0,240964000000.0,247875000000.0,273547000000.0,318903000000.0,355909000000.0,331309000000.0,297125000000.0,282996000000.0,242029000000.0,238908000000.0,235458000000.0,195684000000.0,193148000000.0,199844000000.0,212049000000.0,205257000000.0,188926000000.0,214874000000.0,219066000000.0,1.0
Croatia,5532659331.0,518288860.1,601091000.1,4286800746.0,1425355811.0,HRV,GDP (current US$),NY.GDP.MKTP.CD,22128719418.0,23063323723.0,26757255952.0,35254833028.0,41855265955.0,45025328214.0,49532592593.0,59172904661.0,68342061762.0,61941466003.0,58693611581.0,62599775593.0,57231455635.0,59363124069.0,59214461630.0,50742086223.0,52391038979.0,55937483558.0,61330483610.0,61329267533.0,57624938982.0,68843674641.0,70964606465.0,1.0
Hungary,5946880000.0,2381104063.0,0.01,3561137212.0,0.0,HUN,GDP (current US$),NY.GDP.MKTP.CD,47218411470.0,53749989092.0,67608919144.0,85285075492.0,104121000000.0,113211000000.0,115716000000.0,140187000000.0,158326000000.0,131069000000.0,132175000000.0,141942000000.0,128814000000.0,135684000000.0,141034000000.0,125174000000.0,128610000000.0,143112000000.0,160566000000.0,164020000000.0,157227000000.0,182275000000.0,178789000000.0,1.0
Ireland,152500000.0,2153546.65,0.0,150346453.4,0.0,IRL,GDP (current US$),NY.GDP.MKTP.CD,100208000000.0,109347000000.0,128596000000.0,164671000000.0,194372000000.0,211877000000.0,232181000000.0,270079000000.0,275447000000.0,236443000000.0,221914000000.0,239003000000.0,225629000000.0,238341000000.0,259171000000.0,291775000000.0,299091000000.0,336378000000.0,385737000000.0,399322000000.0,425852000000.0,504183000000.0,529245000000.0,1.0
Iceland,47014000.0,0.0,0.0,47014000.0,0.04,ISL,GDP (current US$),NY.GDP.MKTP.CD,9025660362.0,8234846523.0,9318398444.0,11429335645.0,13825309101.0,16852971987.0,17465318552.0,21652505597.0,18074619562.0,13154416197.0,13751161918.0,15221622926.0,14751508134.0,16125060515.0,17867662178.0,17517210519.0,20793168031.0,24728285177.0,26260850582.0,24663643102.0,21553080484.0,25552639899.0,27841648044.0,1.0
Israel,284500000.0,701448.93,0.0,283798551.1,0.01,ISR,GDP (current US$),NY.GDP.MKTP.CD,136035000000.0,134637000000.0,125060000000.0,131299000000.0,139974000000.0,147084000000.0,158670000000.0,184053000000.0,220530000000.0,211968000000.0,238364000000.0,266792000000.0,262282000000.0,297733000000.0,314330000000.0,303414000000.0,322103000000.0,358245000000.0,376692000000.0,402471000000.0,413268000000.0,488527000000.0,522033000000.0,1.0
Italy,399628000.0,1600000.0,0.0,398028000.0,-0.01,ITA,GDP (current US$),NY.GDP.MKTP.CD,1146680000000.0,1168020000000.0,1276770000000.0,1577620000000.0,1806540000000.0,1858220000000.0,1949550000000.0,2213100000000.0,2408660000000.0,2199930000000.0,2136100000000.0,2294990000000.0,2086960000000.0,2141920000000.0,2162010000000.0,1836640000000.0,1877070000000.0,1961800000000.0,2091930000000.0,2011300000000.0,1897210000000.0,2114360000000.0,2010430000000.0,1.0
Japan,862900000.0,5858996.19,0.0,857041003.8,0.0,JPN,GDP (current US$),NY.GDP.MKTP.CD,4968360000000.0,4374710000000.0,4182850000000.0,4519560000000.0,4893120000000.0,4831470000000.0,4601660000000.0,4579750000000.0,5106680000000.0,5289490000000.0,5759070000000.0,6233150000000.0,6272360000000.0,5212330000000.0,4896990000000.0,4444930000000.0,5003680000000.0,4930840000000.0,5040880000000.0,5117990000000.0,5048790000000.0,5005540000000.0,4231140000000.0,1.0
Luxembourg,12000000.0,238016.98,0.0,11761983.02,0.0,LUX,GDP (current US$),NY.GDP.MKTP.CD,21230182989.0,21387533703.0,23649833332.0,29667268248.0,35064843793.0,37672280120.0,42910146296.0,51587401416.0,58844277702.0,54467289898.0,56213985987.0,61696281326.0,59776383527.0,65203276467.0,68804811898.0,60071584216.0,62216885436.0,65712180343.0,71000359760.0,69825641851.0,73992591285.0,85506243834.0,82274812251.0,1.0
Latvia,984615000.0,71408458.64,0.0,887526526.1,0.0,LVA,GDP (current US$),NY.GDP.MKTP.CD,7958852839.0,8362398702.0,9557031605.0,11771975157.0,14435700533.0,17003459863.0,21570076499.0,31054350978.0,35854274229.0,26410909091.0,23956163077.0,27474380566.0,28169902669.0,30204783462.0,31386896487.0,27263090547.0,28083597512.0,30483806018.0,34429023435.0,34343961073.0,34601740323.0,39725383601.0,41153912663.0,1.0
Malta,7500000.0,1459920.43,0.0,6040079.57,0.0,MLT,GDP (current US$),NY.GDP.MKTP.CD,4323339212.0,4355146428.0,4693495693.0,5489359281.0,6116591928.0,6407287651.0,6778321415.0,7925403778.0,9090376446.0,8696304529.0,9035819657.0,9638733344.0,9461826174.0,10550968139.0,11625843214.0,11091467514.0,11667976403.0,13489296992.0,15298004130.0,15881258056.0,15046136935.0,17743376199.0,17765270015.0,1.0
Montenegro,832443054.6,88503460.34,248370738.6,459675290.7,192843451.9,MNE,GDP (current US$),NY.GDP.MKTP.CD,984292969.9,1159869246.0,1284685051.0,1707710053.0,2073234418.0,2257174481.0,2721903149.0,3680711744.0,4545674528.0,4159330370.0,4142983898.0,4544429063.0,4087525609.0,4465771673.0,4593852089.0,4054728173.0,4376929572.0,4856602179.0,5506944403.0,5542053845.0,4769995512.0,5861430526.0,6095978868.0,1.0
Mauritius,842530000.0,131873527.8,0.02,719685767.5,118961899.5,MUS,GDP (current US$),NY.GDP.MKTP.CD,4663321022.0,4613637222.0,4841310240.0,5816559039.0,6578840499.0,6488743120.0,7028810755.0,8150150144.0,9990356849.0,9128843109.0,10003670690.0,11518413430.0,11668696526.0,12292974008.0,13074130094.0,12007291046.0,12594155346.0,13713505998.0,14735695931.0,14436347115.0,11401040996.0,11476433604.0,12898307089.0,1.0
Malaysia,4150620000.0,894720698.7,0.0,3255899301.0,0.02,MYS,GDP (current US$),NY.GDP.MKTP.CD,93789736842.0,92783947368.0,100846000000.0,110202000000.0,124749000000.0,143534000000.0,162692000000.0,193550000000.0,230812000000.0,202257000000.0,255018000000.0,297952000000.0,314443000000.0,323276000000.0,338066000000.0,301355000000.0,301255000000.0,319109000000.0,358789000000.0,365178000000.0,337339000000.0,372981000000.0,406306000000.0,1.0
Netherlands,244000000.0,7548015.28,0.0,236451984.7,0.0,NLD,GDP (current US$),NY.GDP.MKTP.CD,417479000000.0,431587000000.0,473862000000.0,580070000000.0,658380000000.0,685348000000.0,733955000000.0,848559000000.0,951870000000.0,871519000000.0,847381000000.0,905271000000.0,838923000000.0,877173000000.0,892168000000.0,765573000000.0,784060000000.0,833870000000.0,914043000000.0,910194000000.0,909793000000.0,1011800000000.0,991115000000.0,1.0
Norway,145000000.0,0.0,0.0,145000000.0,0.0,NOR,GDP (current US$),NY.GDP.MKTP.CD,171456000000.0,174240000000.0,195915000000.0,229385000000.0,265267000000.0,309979000000.0,346913000000.0,402646000000.0,464918000000.0,387974000000.0,431052000000.0,501361000000.0,512777000000.0,526014000000.0,501736000000.0,388160000000.0,370957000000.0,401745000000.0,439789000000.0,408743000000.0,367633000000.0,490293000000.0,579267000000.0,1.0
New Zealand,126800000.0,25254120.91,0.0,101545879.1,0.0,NZL,GDP (current US$),NY.GDP.MKTP.CD,52622954599.0,53872463497.0,66627729311.0,88250885550.0,103906000000.0,114720000000.0,111539000000.0,137189000000.0,133131000000.0,121374000000.0,146518000000.0,168291000000.0,176207000000.0,190907000000.0,201313000000.0,178064000000.0,188838000000.0,206556000000.0,211887000000.0,213092000000.0,212570000000.0,255552000000.0,247234000000.0,1.0
Oman,157050000.0,14739777.51,0.0,142310222.5,0.0,OMN,GDP (current US$),NY.GDP.MKTP.CD,19507452536.0,19452000520.0,20142756047.0,21633708192.0,24763712874.0,31081991678.0,37215779714.0,42085379454.0,60905452536.0,48388363589.0,64993498049.0,77497529259.0,87408842653.0,89936020806.0,92699089727.0,78710793238.0,75128738622.0,80856697009.0,91505851756.0,88060858257.0,75909397659.0,88191977373.0,114667000000.0,1.0
Panama,4178090000.0,443358836.5,272824107.3,3461907056.0,1667727359.0,PAN,GDP (current US$),NY.GDP.MKTP.CD,12304115000.0,12502013400.0,12994310400.0,13693981200.0,15013381700.0,16374393900.0,18141666300.0,21295984200.0,25155888600.0,27116635600.0,29440287600.0,34686224300.0,40429700000.0,45599900000.0,49921400000.0,54091800000.0,57907700000.0,62202700000.0,67294169235.0,69721787533.0,57086836942.0,67406738052.0,76522511781.0,1.0
Poland,16450600000.0,1205598967.0,305553703.8,14943404714.0,6036895528.0,POL,GDP (current US$),NY.GDP.MKTP.CD,172220000000.0,190905000000.0,199070000000.0,217829000000.0,255107000000.0,306146000000.0,344627000000.0,429021000000.0,533600000000.0,439732000000.0,475697000000.0,524374000000.0,495231000000.0,515762000000.0,539081000000.0,477111000000.0,470025000000.0,524641000000.0,588780000000.0,596058000000.0,599443000000.0,679442000000.0,688177000000.0,1.0
Portugal,1338800000.0,365155999.8,0.0,973628417.8,0.0,PRT,GDP (current US$),NY.GDP.MKTP.CD,118605000000.0,121604000000.0,134796000000.0,165226000000.0,189382000000.0,197254000000.0,208756000000.0,240496000000.0,263416000000.0,244668000000.0,238113000000.0,245118000000.0,216224000000.0,226434000000.0,229902000000.0,199394000000.0,206426000000.0,221358000000.0,242313000000.0,239987000000.0,229032000000.0,253983000000.0,251945000000.0,1.0
Singapore,181300000.0,1946755.45,0.0,179353244.6,-0.02,SGP,GDP (current US$),NY.GDP.MKTP.CD,96076521349.0,89793815728.0,92538355643.0,97646382413.0,115034000000.0,127808000000.0,148627000000.0,180942000000.0,193617000000.0,194150000000.0,239808000000.0,279357000000.0,295093000000.0,307576000000.0,314864000000.0,307999000000.0,319030000000.0,343273000000.0,376870000000.0,376837000000.0,348392000000.0,423797000000.0,466789000000.0,1.0
Serbia,7560279508.0,1009740734.0,751568546.8,5598821220.0,2417000971.0,SRB,GDP (current US$),NY.GDP.MKTP.CD,6875845987.0,12960546471.0,17120906918.0,22482365322.0,26141968161.0,27683225959.0,32482070360.0,43170990616.0,52194221469.0,45162894381.0,41819468692.0,49258136129.0,43309252921.0,48394239475.0,47062202241.0,39655949731.0,40692661657.0,44179075779.0,50640662859.0,51514242776.0,53356484764.0,63082021206.0,63501748652.0,1.0
Slovenia,371845701.1,66852188.75,0.0,299278073.7,0.0,SVN,GDP (current US$),NY.GDP.MKTP.CD,20289627637.0,20876309970.0,23489890274.0,29634713641.0,34414784504.0,36206395971.0,39481045038.0,48067401207.0,55779427740.0,50567734886.0,48208240226.0,51583869785.0,46577793184.0,48415657265.0,49997186439.0,43107506024.0,44766722791.0,48589100043.0,54177882426.0,54331588482.0,53706800044.0,61748586535.0,62117768015.0,1.0
Thailand,9453140000.0,1301035953.0,0.0,8151817580.0,583000000.0,THA,GDP (current US$),NY.GDP.MKTP.CD,126392000000.0,120296000000.0,134301000000.0,152281000000.0,172896000000.0,189318000000.0,221758000000.0,262943000000.0,291383000000.0,281711000000.0,341105000000.0,370819000000.0,397558000000.0,420334000000.0,407339000000.0,401296000000.0,413366000000.0,456357000000.0,506754000000.0,543977000000.0,500457000000.0,505568000000.0,495341000000.0,1.0
Trinidad and Tobago,353600000.0,45778820.54,7864150.03,299957029.4,12135849.98,TTO,GDP (current US$),NY.GDP.MKTP.CD,8154342548.0,8824849663.0,9008297748.0,11305459802.0,13280292692.0,15982388173.0,18369361094.0,21641620050.0,27871587350.0,19172165226.0,22157919434.0,25433008605.0,27121712419.0,28557451150.0,29489012807.0,26851970249.0,23496215881.0,23797686962.0,24322359037.0,23849557811.0,21059428846.0,24460196270.0,27899082337.0,1.0
Uruguay,4904860000.0,792990745.6,61051257.91,4141870733.0,1325765395.0,URY,GDP (current US$),NY.GDP.MKTP.CD,22823271521.0,20898762265.0,13606515936.0,12045638210.0,13686329890.0,17362857684.0,19741420467.0,23797773024.0,31119603034.0,32708318594.0,41950361212.0,50342405198.0,54232266359.0,61337620936.0,61496186974.0,57680328702.0,57480788380.0,65006047680.0,65203071111.0,62048585619.0,53666908480.0,61412268249.0,71177146197.0,1.0
Kazakhstan,9086012440.0,2058317045.0,455447923.8,7514959251.0,3457980096.0,KAZ,GDP (current US$),NY.GDP.MKTP.CD,18291990619.0,22152689130.0,24636598581.0,30833692831.0,43151647003.0,57123671734.0,81003864916.0,104850000000.0,133442000000.0,115309000000.0,148047000000.0,192626000000.0,207999000000.0,236635000000.0,221416000000.0,184388000000.0,137278000000.0,166806000000.0,179340000000.0,181667000000.0,171082000000.0,197112000000.0,220623000000.0,1.0
Lithuania,490790000.0,94745349.13,-0.01,404108184.1,0.0,LTU,GDP (current US$),NY.GDP.MKTP.CD,11524776867.0,12237388002.0,14259781159.0,18781721376.0,22627507452.0,26097677572.0,30183575104.0,39697891352.0,47797551588.0,37388122046.0,37128694028.0,43535051482.0,42927454291.0,46523420074.0,48533659592.0,41435533340.0,43047309306.0,47758736932.0,53751411409.0,54760617013.0,56914826861.0,66414994992.0,70334299008.0,1.0
Romania,17003550000.0,1035406997.0,2319294909.0,13499585020.0,4568877609.0,ROU,GDP (current US$),NY.GDP.MKTP.CD,37253738081.0,40395114265.0,46065502703.0,57806382692.0,74973660681.0,98454374488.0,122024000000.0,174589000000.0,214317000000.0,174102000000.0,170029000000.0,192614000000.0,179133000000.0,189789000000.0,199714000000.0,177884000000.0,185288000000.0,210147000000.0,243316000000.0,251018000000.0,251363000000.0,285405000000.0,301262000000.0,1.0
Austria,106336428.6,1476346.0,0.0,104860082.6,0.01,AUT,GDP (current US$),NY.GDP.MKTP.CD,197290000000.0,197509000000.0,214395000000.0,262274000000.0,301458000000.0,316092000000.0,336280000000.0,389186000000.0,432052000000.0,401759000000.0,392275000000.0,431685000000.0,409402000000.0,430191000000.0,442585000000.0,381971000000.0,395837000000.0,417261000000.0,454991000000.0,444621000000.0,435225000000.0,480368000000.0,471400000000.0,1.0
