Country,Original Principal Amount,Cancelled Amount,Undisbursed Amount,Disbursed Amount,Borrower's Obligation,Country_Code,Series_Name,Series_Code,2000,2001,2002,2003,2004,2005,2006,2007,2008,2009,2010,2011,2012,2013,2014,2015,2016,2017,2018,2019,2020,2021,2022,developed
Albania,2032160000.0,140259104.8,746585590.2,1082344270.0,874013475.8,ALB,"Charges for the use of intellectual property, payments (BoP, current US$)",BM.GSR.ROYL.CD,0.0,0.0,0.0,8358857.12,4942627.61,4204267.362,6768509.008,11850000,12517993.93,14487498.76,12138446.11,12703928.18,23362460.05,22607333.78,21881927.42,24578013.75,23163082.28,13132426.91,26412466.5,34784215.26,38609323.64,34763724.47,31727566.82,0.0
Algeria,5911830000.0,1605314650.0,0.0,4306515350.0,0.0,DZA,"Charges for the use of intellectual property, payments (BoP, current US$)",BM.GSR.ROYL.CD,0.0,0.0,0.0,0.0,0.0,2000000,15000000,10547283.08,10163263.96,17088438.14,92466206.42,90367205.16,137274934.9,162112437.3,143997401.9,250010594.1,152897904.4,147268735.1,115089900.8,143098650.4,133392700.5,202987326.1,122677213.9,0.0
Antigua and Barbuda,12000000.0,7435745.73,51614.0,4512640.27,4012867.09,ATG,"Charges for the use of intellectual property, payments (BoP, current US$)",BM.GSR.ROYL.CD,288888.8889,474814.8148,509629.6296,511081.4815,528748.1481,578800,769324.4444,806277.7778,1886308.889,1190460.37,1200365.556,1094687.037,1147304.444,1181754.444,2975174.815,3074426.822,4026738.886,4961232.208,3790929.211,3964437.185,1307832.815,3187710.404,0.0,0.0
Armenia,1224900000.0,44302769.69,130159016.0,1053061668.0,967175073.4,ARM,"Charges for the use of intellectual property, payments (BoP, current US$)",BM.GSR.ROYL.CD,0.0,0.0,0.0,0.0,0.0,0.0,0.0,0.0,0.0,0.0,0.0,0.0,0.0,0.0,0.0,0.0,0.0,0.0,0.0,0.0,0.0,0.0,0.0,0.0
Azerbaijan,3479300000.0,532435102.1,108026863.4,2838838035.0,1250363546.0,AZE,"Charges for the use of intellectual property, payments (BoP, current US$)",BM.GSR.ROYL.CD,0.0,0.0,2050000,144000,0.0,46000,1281000,4697000,4827000,19229000,16531000,18423000,28180000,0.0,0.0,0.0,0.0,0.0,0.0,0.0,0.0,0.0,198087000,0.0
"Bahamas, The",142800000.0,3548186.46,0.0,139251813.5,100000000.0,BHS,"Charges for the use of intellectual property, payments (BoP, current US$)",BM.GSR.ROYL.CD,14200000,13200000,13656000,14600000,18500000,16087000,17670000,19680000,17890000,17480000,10570000,15272000,16753000,19200000,19514760.92,17658586.93,22875962.77,14190513.67,10285993.17,10261087.08,6359970.74,7457374.49,0.0,0.0
Bangladesh,54895633.38,0.0,0.0,54895633.38,0.0,BGD,"Charges for the use of intellectual property, payments (BoP, current US$)",BM.GSR.ROYL.CD,4420433.713,5501180.321,3126595.325,3714009.002,5091128.134,2744867.845,5241859.55,7675990.798,21923483.75,8385816.874,17636698.54,10470569.01,10816541.94,20488449.15,30127601.64,24374495.85,46541986.24,25938279.03,41791531.83,47747802.84,64723020.59,63112111.56,49515537.08,0.0
Barbados,353350000.0,16814302.35,0.0,336535697.7,220722499.7,BRB,"Charges for the use of intellectual property, payments (BoP, current US$)",BM.GSR.ROYL.CD,23700000,24300000,24600000,24950000,25014134.73,19056795.12,34399126.82,25952719.09,31817107.51,36771831.54,19151125.03,12675727,9472731.572,12725656.34,13883612.03,17259500.78,13411945.39,14559781.96,0.0,0.0,0.0,0.0,0.0,0.0
Belize,162400000.0,6433909.63,28433802.05,127532288.3,36696267.8,BLZ,"Charges for the use of intellectual property, payments (BoP, current US$)",BM.GSR.ROYL.CD,2920196.015,2192434.96,343911.6623,229944.9643,421590.46,390409.2766,381894.1646,863405.5421,743250.8072,1100349.464,1382149.283,1976691.481,2271626.485,2338069.771,4847919.581,4139216.684,2625094.432,3585358.784,7886378.997,7438447.633,5598606.08,9260152.848,12679939.65,0.0
Bolivia,1632200000.0,39319264.45,536437375.2,1056443360.0,778714903.8,BOL,"Charges for the use of intellectual property, payments (BoP, current US$)",BM.GSR.ROYL.CD,5000000,5280000,5740000,7990000,9681000,11200000,14421000,16187000,17805000,18650000,19805000,20800500,42441212.07,50427298.2,68285439.41,83568649.7,99382292.88,93745643.08,81071369.89,76817706.71,37680170.56,28856775.07,25194145.04,0.0
Bosnia and Herzegovina,2341346697.0,146936983.4,523839172.0,1646124370.0,666978752.1,BIH,"Charges for the use of intellectual property, payments (BoP, current US$)",BM.GSR.ROYL.CD,0.0,0.0,0.0,0.0,0.0,0.0,8258726.12,9601090.114,10797196.74,5967649.542,5468247.411,4604166.894,9082194.357,7514459.638,6923384.87,9975386.655,7831871.701,8759802.107,8376030.037,13967684.79,13746877.35,15978640.27,15733082.02,0.0
Botswana,1441261341.0,141926407.7,443603811.7,855731121.6,538711762.5,BWA,"Charges for the use of intellectual property, payments (BoP, current US$)",BM.GSR.ROYL.CD,5776676.591,8682825.228,8440543.37,11905852.25,11035756.13,12310548.69,7340960.156,11367325.88,6546861.082,9290536.305,11408304.98,11216663.13,11888549.42,20994876.18,127632114,86026438.15,113707029,111686618.8,109630583.5,28003854.82,86636001.24,106549535.5,0.0,0.0
Burundi,4800000.0,0.0,0.0,4800000.0,0.0,BDI,"Charges for the use of intellectual property, payments (BoP, current US$)",BM.GSR.ROYL.CD,0.0,0.0,0.0,0.0,0.0,0.0,0.0,0.0,0.0,0.0,0.0,620741.0618,16637.71675,0.0,186721.7234,3244.484641,150910.1751,19201.23998,4711.486316,0.0,0.0,0.0,0.0,0.0
Cabo Verde,62000000.0,56571.37,2491250.0,57642057.16,38361069.25,CPV,"Charges for the use of intellectual property, payments (BoP, current US$)",BM.GSR.ROYL.CD,0.0,136219.3056,193783.6866,47776.39577,256892.6938,68001.46525,2245.900895,1289652.377,34422.24736,0.0,343346.4352,0.0,73921.97125,110127.257,4795783.85,8051787.06,2401054.945,5757382.691,11338112.59,10027653.92,3695371.616,1357429.115,1211734.022,0.0
Cameroon,2567100000.0,300403980.1,750321305.5,1498642496.0,428311894.6,CMR,"Charges for the use of intellectual property, payments (BoP, current US$)",BM.GSR.ROYL.CD,4607664.383,1965325.687,572715.0425,1714096.244,1934243.194,8216085.902,5231366.667,5710003.066,16177128.54,8024777.326,11608865.42,10879607.32,7360598.071,7843699.029,7999881.239,7019482.216,905736.2624,4253982.769,2347496.662,1947036.745,2099252.21,12524891.97,0.0,0.0
Chad,39500000.0,2139893.71,0.0,37360106.29,0.0,TCD,"Charges for the use of intellectual property, payments (BoP, current US$)",BM.GSR.ROYL.CD,0.0,0.0,0.0,0.0,0.0,0.0,0.0,0.0,0.0,0.0,0.0,0.0,0.0,0.0,0.0,0.0,0.0,0.0,0.0,0.0,0.0,0.0,0.0,0.0
China,58145647143.0,5619317329.0,5666011670.0,46733261107.0,15559862065.0,CHN,"Charges for the use of intellectual property, payments (BoP, current US$)",BM.GSR.ROYL.CD,1280970000,1938000000,3114004041,3548126752,4496604796,5321253863,6634081020,8192067402,10319466356,11065271082,13039546459,14706108691,17748983437,21033078371,22613800782,22022366055,23979580208,28746479819,35782953953,34370466478,37870654560,46894697501,44474106058,0.0
Colombia,33199488071.0,2199389377.0,1371668110.0,29699591580.0,15048767376.0,COL,"Charges for the use of intellectual property, payments (BoP, current US$)",BM.GSR.ROYL.CD,74072082.03,77274090.82,80104996.09,77372537.11,87676363.28,122467029.3,140808115.2,347620984.4,470855703.1,510385125,615031453.1,753789593.8,947980078.1,1282431219,1401046313,1345633688,1257276813,1275576188,1412618281,1334981000,1122727656,1358180421,1567576146,0.0
Cote d'Ivoire,3062000000.0,445234027.1,40786315.94,2559290478.0,131619145.5,CIV,"Charges for the use of intellectual property, payments (BoP, current US$)",BM.GSR.ROYL.CD,0.0,0.0,0.0,0.0,0.0,10319419.07,9564997.89,21998032.3,21246859.01,20431903.47,17445634.8,18450982.19,17200746.2,3891114.524,2894134.251,2564225.311,2713440.371,3091086.087,10023144.29,10699559.93,11428526.66,12613368.95,0.0,0.0
Czechia,626000000.0,114342545.6,0.0,511686256.7,0.0,CZE,"Charges for the use of intellectual property, payments (BoP, current US$)",BM.GSR.ROYL.CD,81725597.71,92705740.48,119236203.2,175866289.6,173666458.2,503693935.3,551382615.6,694050965.8,859173450.8,842489141.2,945086547.4,1179217303,1042852406,1160503560,1343830327,1227305475,1193119443,1243172655,1492994404,1511179525,1390422197,1614070192,1633672402,0.0
Dominica,7760000.0,2763956.4,0.0,4996043.6,0.0,DMA,"Charges for the use of intellectual property, payments (BoP, current US$)",BM.GSR.ROYL.CD,118518.5185,107037.037,122962.963,64481.48148,80211.11111,113200,235233.3333,612340.7407,619140.7407,435029.6296,1242888.889,608970.3704,594080.7407,594080.7407,586672.2074,672686.2852,674278.8778,652481.8407,1098511.17,1098511.17,179356.1521,1035895.435,0.0,0.0
Dominican Republic,4491440000.0,247701300.5,1397721250.0,2876017450.0,1555256434.0,DOM,"Charges for the use of intellectual property, payments (BoP, current US$)",BM.GSR.ROYL.CD,29700000,22000000,29600000,30100000,30100000,30800000,31500000,31900000,50700000,53400000,67100000,71400000,59200000,63700000,81400000,88900000,98400000,134000000,34600000,41500000,81900000,121400000,152300000,0.0
El Salvador,3292685000.0,305412697.8,762590362.0,2224681940.0,857495776.4,SLV,"Charges for the use of intellectual property, payments (BoP, current US$)",BM.GSR.ROYL.CD,20500000,22100000,20400000,22200000,17750000,30400000,27300000,24100000,33700000,26050000,31490000,39934371.44,54681828.7,71564697.09,68550429.24,70203548.96,136773816.8,138322271.5,88993637.94,97691759.79,97726353.84,111820409.2,123783408.8,0.0
Eswatini,410000000.0,55591797.41,95845006.3,307892402.8,185536491.8,SWZ,"Charges for the use of intellectual property, payments (BoP, current US$)",BM.GSR.ROYL.CD,35064844.3,42800355.47,54075391.24,71181077.94,75601431.49,105433147.2,106405636.6,120988053.8,119690735.9,116340361.5,16308752.91,2678419.115,2362605.013,2006990.404,1811254.776,1424807.333,1097572.648,3173476.842,5333009.918,7837969.986,32785514.01,18885076.63,0.0,0.0
Ethiopia,108600000.0,3022.78,0.0,108596977.2,0.0,ETH,"Charges for the use of intellectual property, payments (BoP, current US$)",BM.GSR.ROYL.CD,316615.0033,101146.5583,396117.5584,88288.33945,450079.3329,575608.0438,844549.2813,2070545.555,1728785.563,2826017.047,993167.1947,2983179.514,2458491.293,538887.9529,2190854.732,3838616.245,1115301.752,9802537.589,26729370.57,3025656.188,2325743.277,7417441.476,0.0,0.0
Fiji,354850000.0,9920950.01,11495848.67,333433201.3,182983751.5,FJI,"Charges for the use of intellectual property, payments (BoP, current US$)",BM.GSR.ROYL.CD,717136.3151,481480.6182,1460300.327,1002151.589,751638.7778,1182293.695,981659.3273,1626870.292,2448440.705,1344026.504,886338.0469,2358318.627,2569654.105,2337084.68,3169561.278,3916729.28,5975266.753,8092808.463,6688794.481,6344078.05,6117035.769,2276712.592,2572793.656,0.0
Gabon,1221500000.0,108632484.2,109903116.1,1000747444.0,660691710.9,GAB,"Charges for the use of intellectual property, payments (BoP, current US$)",BM.GSR.ROYL.CD,0.0,0.0,0.0,0.0,0.0,0.0,0.0,0.0,0.0,0.0,0.0,0.0,0.0,0.0,0.0,0.0,0.0,0.0,0.0,0.0,0.0,0.0,0.0,0.0
Ghana,190500000.0,200780020.8,0.0,189719979.2,0.0,GHA,"Charges for the use of intellectual property, payments (BoP, current US$)",BM.GSR.ROYL.CD,0.0,0.0,0.0,0.0,0.0,0.0,0.0,0.0,0.0,0.0,0.0,0.0,0.0,0.0,0.0,0.0,0.0,0.0,44881239.68,189994769.1,156694904.5,237098204.2,0.0,0.0
Grenada,40198161.0,5462837.05,2450533.13,32284790.82,12451866.71,GRD,"Charges for the use of intellectual property, payments (BoP, current US$)",BM.GSR.ROYL.CD,607407.4074,674074.0741,444444.4444,570370.3704,788888.8889,885203.7037,2366511.111,2533894.074,3024590.741,3492194.815,5502012.222,5615735.926,6213040.37,6465571.111,8207337.131,9366087.701,9945231.109,8783540.507,12214406.07,13662922.36,11166960.76,11996724.09,0.0,0.0
Guatemala,4817610000.0,505039693.1,473269249.0,3959301058.0,2081848037.0,GTM,"Charges for the use of intellectual property, payments (BoP, current US$)",BM.GSR.ROYL.CD,0.0,0.0,0.0,0.0,39900000,49400000,60200000,72100000,71710050,85633650,88639330,89808790,93742530,104190630,134841560,153058570,170383790,194885240,209674630,241960110,259562200,315762140,0.0,0.0
Guinea,75200000.0,1700000.0,0.0,73500000.0,0.0,GIN,"Charges for the use of intellectual property, payments (BoP, current US$)",BM.GSR.ROYL.CD,0.0,1026510,760000,873050,210000,870000,210000,30000,420000,180000,1200000,770000,620000,0.0,0.0,0.0,0.0,0.0,0.0,0.0,0.0,0.0,0.0,0.0
Guyana,79950000.0,3738478.12,0.0,76211521.88,0.01,GUY,"Charges for the use of intellectual property, payments (BoP, current US$)",BM.GSR.ROYL.CD,10800000,5400000,21600000,17600000,18522000,19448000,20421000,21442000,22513606.76,22963878.9,28015932.26,34179437.35,41698913.57,65990000,23943000,18244000,13827630,9405354.444,5260000,3677280,2426130,2985672.593,0.0,0.0
Haiti,2600000.0,0.0,0.0,2600000.0,0.0,HTI,"Charges for the use of intellectual property, payments (BoP, current US$)",BM.GSR.ROYL.CD,0.0,0.0,900000,400000,370000,400000,500000,400000,400000,400000,480000,520000,1640000,1586440,2163920,1642260,0.0,0.0,0.0,0.0,0.0,0.0,0.0,0.0
Honduras,717250000.0,26269346.96,0.0,690980653.0,-0.01,HND,"Charges for the use of intellectual property, payments (BoP, current US$)",BM.GSR.ROYL.CD,13800000,15700000,15400000,19117000,19444940,20910350,26751868.55,27747055.11,25381640,25680000,30380000,35154664.84,38670131.32,85312365.83,75110955.92,59033072.64,66573650.27,109405527.9,115060498.6,84546357.75,62388066,93915339.06,102302654.4,0.0
India,79180360000.0,13908668124.0,13484510268.0,51985397565.0,20712853300.0,IND,"Charges for the use of intellectual property, payments (BoP, current US$)",BM.GSR.ROYL.CD,282463092.3,317035850.7,345233067,549887942.1,611481232.4,671829366.3,845949436,1159824391,1528826913,1860070100,2438302981,2819291079,3990055617,3903908830,4848711889,5009034407,5466041710,6515405394,7905957777,7889685402,7241107557,8631569309,10427794881,0.0
Indonesia,64315748591.0,8191323300.0,6242964637.0,49865978162.0,19814170572.0,IDN,"Charges for the use of intellectual property, payments (BoP, current US$)",BM.GSR.ROYL.CD,0.0,0.0,0.0,0.0,990320000,960870000,872228637,1085450000,1327681814,1530107289,1616459043,1787966703,1800089222,1736373354,1861866472,1652686736,1732362913,1900641453,1470072410,1804721423,1530064502,1776614142,2018664741,0.0
Iraq,5204520000.0,306877446.4,818458368.9,4079184185.0,3163847117.0,IRQ,"Charges for the use of intellectual property, payments (BoP, current US$)",BM.GSR.ROYL.CD,0.0,0.0,0.0,0.0,0.0,28600000,0.0,203600000,100000,400000,5300000,0.0,0.0,400000,1000000,1400000,1500000,5700000,7800000,10200000,4900000,4800000,0.0,0.0
Jamaica,3030100000.0,146555253.3,77540076.08,2806004671.0,1009064717.0,JAM,"Charges for the use of intellectual property, payments (BoP, current US$)",BM.GSR.ROYL.CD,41000000,38300000,32100000,10800000,9082033,10954140.74,11164167.27,60382721.7,48152311.87,44823553.95,36279447.73,47410236.73,60119539.63,55850569.29,50762247.77,50756619.68,50756619.68,51414871.82,51170096.18,50756619.68,50756619.68,50756619.68,50756619.68,0.0
Jordan,9515200000.0,859190391.3,1774301134.0,6881708475.0,4185763298.0,JOR,"Charges for the use of intellectual property, payments (BoP, current US$)",BM.GSR.ROYL.CD,0.0,0.0,0.0,0.0,0.0,0.0,0.0,0.0,0.0,0.0,0.0,0.0,0.0,0.0,2394366.197,14788732.39,24084507.04,21267605.63,23521126.76,27183098.59,24507042.25,28028169.01,0.0,0.0
Kenya,2486214900.0,270343573.4,135198818.8,2070688921.0,1082919881.0,KEN,"Charges for the use of intellectual property, payments (BoP, current US$)",BM.GSR.ROYL.CD,77305180.52,62162530.43,42413135.3,39191514.88,50346909.84,36900044.49,19722101.69,23566334.83,28437309.8,21238102.94,17804542.29,15092764.09,31781529.12,77528527.67,147498189.7,146182787.7,144483967.3,206821952.1,131726255.2,121644123.3,76192114.52,42251397.39,0.0,0.0
Kosovo,385645134.0,0.0,0.0,385645134.0,104339819.6,XKX,"Charges for the use of intellectual property, payments (BoP, current US$)",BM.GSR.ROYL.CD,0.0,0.0,0.0,0.0,2151923.565,1676108.482,116017.3313,2409885.998,5473899.079,5702068.226,3703734.341,515984.4365,405738.3483,2930332.658,2712198.508,1698995.012,2629872.499,1939327.98,7061852.145,10273003.86,6203745.77,8176532.3,4397300.657,0.0
Lebanon,3750330000.0,1336819174.0,780525348.2,1962885478.0,853820903.9,LBN,"Charges for the use of intellectual property, payments (BoP, current US$)",BM.GSR.ROYL.CD,0.0,0.0,0.0,0.0,98.84,0.0,0.0,0.0,0.0,942199.4,12920910.57,40173765.91,32815724.76,28121287.53,34761108.11,34392576.1,32884145.91,22307143.2,15670585.06,22573047.82,5018810.253,4898958.376,0.0,0.0
Liberia,155950000.0,14693264.56,0.0,141256735.4,-0.02,LBR,"Charges for the use of intellectual property, payments (BoP, current US$)",BM.GSR.ROYL.CD,0.0,0.0,0.0,0.0,0.0,0.0,0.0,0.0,0.0,0.0,0.0,0.0,0.0,0.0,0.0,0.0,0.0,0.0,0.0,0.0,0.0,0.0,0.0,0.0
Madagascar,32850000.0,279119.93,0.0,32570880.07,0.0,MDG,"Charges for the use of intellectual property, payments (BoP, current US$)",BM.GSR.ROYL.CD,10946466.17,7850614.743,22901362.99,6500089.4,22987712.4,12601449.05,19049398.45,56253427.49,49735633.25,42458444.22,26814639.39,6950648.925,14136946.34,18122663.83,6078177.073,17133514.85,8039022.438,18645925.52,17069695.66,13406102.97,10053481.3,12566964.16,0.0,0.0
Malawi,124100000.0,19583574.31,0.0,104516425.7,0.0,MWI,"Charges for the use of intellectual property, payments (BoP, current US$)",BM.GSR.ROYL.CD,198089.4459,468950.8384,234434.6737,406086.369,953731.6472,429479.8176,429574.1563,429685.8735,429565.3055,429555.6106,429554.8387,440264.3346,460364.3869,1785278.67,2983399.544,2455935.523,2386959.618,3770944.366,4129637.46,58708128,90111342.91,69060691.93,0.0,0.0
Mexico,60570150465.0,7603604019.0,890963055.6,52830931354.0,14995434689.0,MEX,"Charges for the use of intellectual property, payments (BoP, current US$)",BM.GSR.ROYL.CD,406846000,418500000,2216025539,2041737930,2150423060,2384797626,2506167696,2558165024,2393935171,2511538314,3015243396,3399954682,3647705203,3801442516,3834926121,3947789516,4299087599,4647755230,5123069376,4629408827,4478527629,4538833344,4320289480,0.0
Moldova,783680000.0,94516865.09,207131488.2,506321358.7,256905234.2,MDA,"Charges for the use of intellectual property, payments (BoP, current US$)",BM.GSR.ROYL.CD,1820000,1040000,1220000,3020000,2630000,2330000,4010000,7220000,14920000,10630000,12750000,16600000,18700000,24160000,25080000,18370000,19490000,25150000,29790000,31810000,26640000,52140000,44580000,0.0
Mongolia,233800000.0,0.0,198073891.4,35726108.62,35726108.62,MNG,"Charges for the use of intellectual property, payments (BoP, current US$)",BM.GSR.ROYL.CD,0.0,0.0,0.0,0.0,0.0,0.0,0.0,0.0,1250710,790260,2589800,4656009.72,12030269.39,14479922.25,12999781.95,15585952.21,24610007.25,15696187.19,16057466.74,26323961.65,24429073.68,31749163.16,33398294.11,0.0
Morocco,25159314000.0,1779312192.0,3775575803.0,19249764178.0,9319698401.0,MAR,"Charges for the use of intellectual property, payments (BoP, current US$)",BM.GSR.ROYL.CD,19067093.66,35371218.64,40542318.54,28963366.32,36739032.96,45408253.27,49157198.31,35994436.11,15360060.09,48852466.31,30432451.13,41349877.49,56844992.81,73902813.79,111106151.9,95600829.85,104258156.7,132032392.7,166923239.9,147791000.8,151547176.9,150018207.4,176734128.4,0.0
Mozambique,30000000.0,30000000.0,0.0,0.0,0.0,MOZ,"Charges for the use of intellectual property, payments (BoP, current US$)",BM.GSR.ROYL.CD,0.0,0.0,0.0,0.0,0.0,5656758.83,2338960,2361670.872,1906090.572,3554354.576,3807426.927,4721835.26,8054486.93,24529769.8,19574342.62,26793739.52,19003105.27,15615001.38,2862442.76,0.0,0.0,0.0,0.0,0.0
Myanmar,33350000.0,226056.18,0.0,33123943.82,0.01,MMR,"Charges for the use of intellectual property, payments (BoP, current US$)",BM.GSR.ROYL.CD,0.0,0.0,0.0,0.0,0.0,0.0,0.0,0.0,0.0,0.0,0.0,0.0,0.0,0.0,295324275.7,271948538.3,230635285.5,26384508.89,47290466.54,32501768.97,0.0,0.0,0.0,0.0
Namibia,15000000.0,0.0,0.0,15074534.82,0.0,NAM,"Charges for the use of intellectual property, payments (BoP, current US$)",BM.GSR.ROYL.CD,8055999.476,0.371065271,1663615.549,3578522.786,3241378.29,1743612.772,3007359.027,1925869.212,15276310.78,6696286.76,5976319.087,8453517.164,6255488.216,6944483.413,8624279.895,7080686.53,2984701.004,2406514.047,1284968.637,2540932.617,5717621.772,5354442.367,8863053.724,0.0
Nicaragua,233550000.0,3944969.78,0.0,229605030.2,0.0,NIC,"Charges for the use of intellectual property, payments (BoP, current US$)",BM.GSR.ROYL.CD,0.0,0.0,0.0,0.0,0.0,0.0,0.0,0.0,800000,800000,800000,800000,800000,800000,1200000,1200000,1900000,2000000,1900000,1100000,600000,800000,1500000,0.0
North Macedonia,2354280124.0,448490778.8,224428341.9,1638380852.0,627803001.8,MKD,"Charges for the use of intellectual property, payments (BoP, current US$)",BM.GSR.ROYL.CD,5681955.073,5505751.676,10323881.98,6953248,9390434,10351748,8665872,19319106,24890350,20239756.76,17758539,24885150,33907240,41586769,52812610,56157840,66879970,53366170,188796560,160554940,183710916.9,169440810,137655090,0.0
Pakistan,13588650000.0,1610572049.0,2975853193.0,9006969601.0,2397292263.0,PAK,"Charges for the use of intellectual property, payments (BoP, current US$)",BM.GSR.ROYL.CD,28000000,19000000,18000000,36000000,86000000,109000000,106000000,107000000,117000000,90000000,124000000,127000000,161000000,126000000,160000000,180000000,221000000,227000000,189000000,192000000,183000000,268000000,111000000,0.0
Papua New Guinea,866620000.0,70563079.67,79925000.0,716131920.3,75000.02,PNG,"Charges for the use of intellectual property, payments (BoP, current US$)",BM.GSR.ROYL.CD,0.0,0.0,0.0,0.0,0.0,0.0,0.0,0.0,0.0,0.0,0.0,0.0,0.0,0.0,0.0,0.0,0.0,0.0,0.0,0.0,0.0,0.0,0.0,0.0
Paraguay,2617971000.0,145649097.6,406397052.7,2065924850.0,1115661648.0,PRY,"Charges for the use of intellectual property, payments (BoP, current US$)",BM.GSR.ROYL.CD,8600000,7400000,4600000,4600000,1900000,1700000,3100000,1200000,1900000,2500000,2500000,2500000,2500000,37300000,18050000,18500000,19300000,18500000,18500000,18500000,18500000,16600000,15080000,0.0
Peru,16696289000.0,2607759063.0,613414051.3,13475115885.0,5445590141.0,PER,"Charges for the use of intellectual property, payments (BoP, current US$)",BM.GSR.ROYL.CD,74288000,65485000,70755000,74298000,78082000,81628000,95339000,111272000,159484000,152419000,196763615.3,215801198.3,363763315,394276014.4,465593559.8,421403538.3,379133896.1,306382719.2,349222679.4,419229521.7,459604252.9,505899553.4,521794008.1,0.0
Philippines,28483577115.0,2703489070.0,3532386265.0,22278247890.0,11642970125.0,PHL,"Charges for the use of intellectual property, payments (BoP, current US$)",BM.GSR.ROYL.CD,197000000,159000000,236000000,278000000,273000000,265882903.8,348937717.7,385425695.4,387300951.6,412169786.8,446477954.5,441511424.4,471305024.6,529353929,547026079.2,612611626,546410232.4,751387515.6,916981982.9,832721346.3,519252390.1,622928934.8,550887119.5,0.0
Senegal,162950000.0,33624524.04,0.0,129325476.0,0.0,SEN,"Charges for the use of intellectual property, payments (BoP, current US$)",BM.GSR.ROYL.CD,5487125.076,2874121.559,3325581.684,506986.213,7228759.859,7377787.202,5283048.665,7813908.33,9058295.123,12162619.58,5840811.466,5411156.364,4896619.26,1200648.819,5903709.826,5152469.091,7635938.447,8163687.072,8752958.861,0.0,0.0,0.0,0.0,0.0
Seychelles,181700000.0,195885.31,22370407.11,159172852.2,139959836.0,SYC,"Charges for the use of intellectual property, payments (BoP, current US$)",BM.GSR.ROYL.CD,437535.9144,426800.2077,547441.9255,555481.8342,543090.9091,545454.5455,543529.2258,545237.3482,515861.0463,515960.2169,1414195.314,1413960.686,1512607.395,2754038.336,2754425.678,1793930.522,1457332.435,2214502.732,2716441.328,3332145.021,1982431.307,2431765.612,0.0,0.0
Sierra Leone,18700000.0,0.0,0.0,18700000.0,0.0,SLE,"Charges for the use of intellectual property, payments (BoP, current US$)",BM.GSR.ROYL.CD,0.0,0.0,0.0,197310.6941,25066.11023,2896.953285,1039718.92,1517962.45,728898.2279,643885.2214,403114.8978,334281.8942,408617.2416,1050135.558,1038580.007,886050.4823,1054950.277,1437870.046,891785.4261,798108.9648,1266142.978,1192220.105,0.0,0.0
Slovak Republic,574520000.0,27735951.13,-0.01,596975665.3,0.0,SVK,"Charges for the use of intellectual property, payments (BoP, current US$)",BM.GSR.ROYL.CD,58130537.92,58406945.31,63194028.25,91220667.51,0.0,0.0,0.0,0.0,220252619.4,189975719.5,168358820.9,176539865.5,180980256.1,571824993.2,672289268,522191217.2,686313614.3,706690665.8,751531430.7,754188697.6,646719708.6,744777215.1,753820097.2,0.0
South Africa,5815300000.0,697911892.1,507157666.5,4584096756.0,2578549642.0,ZAF,"Charges for the use of intellectual property, payments (BoP, current US$)",BM.GSR.ROYL.CD,245895910.2,329528506.3,446513324,616743679.5,891018800.3,1070615302,1281749087,1596250885,1675904017,1658023465,1941103069,2118146097,2017325060,1936693353,1732081250,1641134757,1831242821,1883350101,1540106740,1356151183,1197536398,1453033533,1453465563,0.0
Sri Lanka,1856710000.0,361134464.6,331316798.9,1189258736.0,967603495.1,LKA,"Charges for the use of intellectual property, payments (BoP, current US$)",BM.GSR.ROYL.CD,0.0,0.0,0.0,0.0,0.0,0.0,0.0,0.0,0.0,0.0,0.0,0.0,0.0,0.0,0.0,0.0,0.0,0.0,0.0,0.0,0.0,0.0,0.0,0.0
St. Kitts and Nevis,27319322.0,3118387.99,0.0,24200934.01,0.0,KNA,"Charges for the use of intellectual property, payments (BoP, current US$)",BM.GSR.ROYL.CD,825925.9259,927777.7778,887159.2593,1281851.852,1848140.741,2018966.667,1750127.407,1782938.148,2213601.111,1619166.667,1941085.556,2035227.778,2073488.148,2157114.444,3039400.909,2556748.679,2655552.234,1548652.211,1977240.664,3167362.476,2561087.93,2441611.755,0.0,0.0
St. Lucia,40146161.0,2292682.44,0.0,37853478.56,2640000.01,LCA,"Charges for the use of intellectual property, payments (BoP, current US$)",BM.GSR.ROYL.CD,1570370.37,1377777.778,2177777.778,2403703.704,2381111.111,2381470.37,2432592.593,2373659.259,2681196.296,3156070.741,3927893.333,3983168.519,3900162.963,3940647.407,8302615.378,7788039.63,8491747.87,8942802.907,9747960.463,11027020.33,7954522.12,8693443.258,0.0,0.0
Sudan,166000000.0,27014050.6,0.0,138985949.4,0.01,SDN,"Charges for the use of intellectual property, payments (BoP, current US$)",BM.GSR.ROYL.CD,100000,0.0,0.0,0.0,0.0,0.0,3959.193908,2650,57298.90233,1297124,11370686.95,1415921.793,4000,55602.66695,0.0,0.0,0.0,0.0,0.0,0.0,1642.290691,0.0,0.0,0.0
Suriname,58000000.0,0.0,44174412.08,13825587.92,13825587.92,SUR,"Charges for the use of intellectual property, payments (BoP, current US$)",BM.GSR.ROYL.CD,0.0,0.0,0.0,0.0,0.0,0.0,800000,2500000,2600000,0.0,0.0,1229854.047,5796374.94,9885400.824,13859448.62,19711049.47,22703601.25,12501500.5,8648843.212,5321674.39,4316404.197,4967128.201,6662934.029,0.0
Syrian Arab Republic,613200000.0,194580424.0,0.0,418619576.0,0.0,SYR,"Charges for the use of intellectual property, payments (BoP, current US$)",BM.GSR.ROYL.CD,0.0,0.0,0.0,10000000,10000000,12000000,20000000,25000000,30000000,30000000,36553806.34,0.0,0.0,0.0,0.0,0.0,0.0,0.0,0.0,0.0,0.0,0.0,0.0,0.0
Tanzania,361030400.0,5477944.02,0.0,355552456.0,0.0,TZA,"Charges for the use of intellectual property, payments (BoP, current US$)",BM.GSR.ROYL.CD,3700006.857,3550000,100000,700000,582830.04,218042,683196,5319945.667,106900,0.0,270000,400000,851853.3333,2719346.667,1098666.333,2007390,1402980,3848000,6132091.74,5750445.969,3299197.046,0.0,0.0,0.0
Timor-Leste,15000000.0,46317.37,0.0,14953682.63,13809071.17,TLS,"Charges for the use of intellectual property, payments (BoP, current US$)",BM.GSR.ROYL.CD,0.0,0.0,0.0,0.0,0.0,0.0,7692.13,495972.74,222496,0.0,0.0,0.0,725648.0667,3118,75880.69,32822,0.0,0.0,0.0,0.0,0.0,480,0.0,0.0
Togo,3500000.0,0.0,0.0,3500000.0,0.0,TGO,"Charges for the use of intellectual property, payments (BoP, current US$)",BM.GSR.ROYL.CD,585743.9137,760515.776,456961.159,670808.2886,2192142.287,2674210.785,7155085.474,5189772.271,4704035.437,4709825.59,1647149.254,0.0,0.0,0.0,384804.414,115018.0219,182245.9951,2306009.533,0.0,0.0,0.0,0.0,0.0,0.0
Tunisia,12238530000.0,759536946.4,1192752652.0,10225016726.0,4218616029.0,TUN,"Charges for the use of intellectual property, payments (BoP, current US$)",BM.GSR.ROYL.CD,2918252.453,6255593.108,6330301.041,6208970.669,8029118.938,7707525.114,10668469.79,10145483.63,12498562.8,13774971.77,15159983.23,12075721.88,12804985.41,13664411.49,19438349.51,20952016.82,17504383.85,16574186.02,17719064.05,20515034.13,17707558.6,26552472.74,0.0,0.0
Turkiye,50915196500.0,4733750747.0,8429268064.0,37377128181.0,11236467248.0,TUR,"Charges for the use of intellectual property, payments (BoP, current US$)",BM.GSR.ROYL.CD,173000000,119000000,107000000,167000000,362000000,439000000,531000000,647000000,729000000,648000000,816000000,680000000,741000000,1582000000,1686000000,1624000000,1882000000,1777000000,2114000000,2181000000,2349000000,2738000000,2853000000,0.0
Turkmenistan,109500000.0,51600566.1,0.0,57899433.9,20000000.0,TKM,"Charges for the use of intellectual property, payments (BoP, current US$)",BM.GSR.ROYL.CD,0.0,0.0,0.0,0.0,0.0,0.0,0.0,0.0,0.0,0.0,0.0,0.0,0.0,0.0,0.0,0.0,0.0,0.0,0.0,0.0,0.0,0.0,0.0,0.0
Uganda,43199700.0,277411.36,0.0,42922288.63,0.0,UGA,"Charges for the use of intellectual property, payments (BoP, current US$)",BM.GSR.ROYL.CD,0.0,0.0,6898573,7947510.95,1417503,1463500,10633427,4792886.34,1797690.4,3254382.076,2810259.476,8275720.301,11312971.32,14777163.05,12183518.67,13761795.87,19741922.79,17635929.03,11046800,22366510,102.1,0.0,0.0,0.0
Ukraine,19996898577.0,2096465893.0,2007672818.0,15812993356.0,10077737094.0,UKR,"Charges for the use of intellectual property, payments (BoP, current US$)",BM.GSR.ROYL.CD,663000000,183000000,110000000,292000000,268000000,421000000,428000000,577000000,754000000,644000000,744000000,746000000,727000000,1072000000,552000000,358000000,358000000,430000000,592000000,606000000,495000000,735000000,259000000,0.0
Uzbekistan,4276530000.0,425553063.4,656085715.9,3204888221.0,2635904433.0,UZB,"Charges for the use of intellectual property, payments (BoP, current US$)",BM.GSR.ROYL.CD,0.0,0.0,0.0,0.0,0.0,437600,1656000,3741400,3344100,1315786.98,33993662.7,28820195.5,65554970,40663905,4666621.994,15207698.63,6417372.7,31372222.9,49890245.24,87142840.13,112682350.4,79586123.71,111469037.9,0.0
Vietnam,3587390000.0,709157426.3,512850477.1,2465382097.0,2191075235.0,VNM,"Charges for the use of intellectual property, payments (BoP, current US$)",BM.GSR.ROYL.CD,0.0,0.0,0.0,0.0,0.0,0.0,0.0,0.0,0.0,0.0,0.0,0.0,0.0,0.0,0.0,0.0,0.0,0.0,0.0,0.0,0.0,0.0,0.0,0.0
Zambia,635350000.0,53220016.22,0.0,582129983.8,0.01,ZMB,"Charges for the use of intellectual property, payments (BoP, current US$)",BM.GSR.ROYL.CD,400000,400000,400000,400000,0.0,400000,400000,1172724,1289996.4,444400,548844,3733435,3770201,1770000,1885050,2007578.25,2138070.836,2287735.795,35002237.7,16903078.7,14573362.62,34364712.32,20230940.23,0.0
Zimbabwe,939300000.0,53297024.84,0.0,886002975.2,426437377.3,ZWE,"Charges for the use of intellectual property, payments (BoP, current US$)",BM.GSR.ROYL.CD,0.0,0.0,0.0,0.0,0.0,0.0,0.0,0.0,0.0,6037763.729,3783946.613,8847845.099,9305786.893,17830152.8,18668169.98,19545573.97,10372933.18,4322232.37,2511199.08,2197499.37,3629088.13,0.0,0.0,0.0
Angola,6407000000.0,203643829.8,3372896505.0,3007022980.0,2989566101.0,AGO,"Charges for the use of intellectual property, payments (BoP, current US$)",BM.GSR.ROYL.CD,5630000,430000,0.0,0.0,2495000,3378446.38,1366548.48,1173129.46,470000,20000,6378100,3185000,224315044.6,212220137.3,252852819.1,264702200,212229720,221726875.7,246614994.8,127168951.5,129608227.3,121666360,222726990,0.0
Brazil,64642193872.0,6810518149.0,2285819482.0,55892273038.0,15872819482.0,BRA,"Charges for the use of intellectual property, payments (BoP, current US$)",BM.GSR.ROYL.CD,1414582000,1244319000,1228789000,1227928000,905010000,1404494000,1663677000,2259433000,2697171000,2512044100,3346848904,3865929487,4377895662,4761555280,6147326282,5517267029,5315108648,5402128504,5124101633,5246219108,4062060898,5222174071,7163171035,0.0
Bulgaria,3301265000.0,356017280.8,0.01,2972458203.0,437469074.3,BGR,"Charges for the use of intellectual property, payments (BoP, current US$)",BM.GSR.ROYL.CD,9860817.7,11473845.9,23347047.84,24433653.25,30520223.55,80611097.17,69439205.5,77561078.17,95185418.76,117239687.6,114240000,140180000,184750000,197870000,229820000,185840000,183510000,178800000,208970000,258550000,264050000,307810000,266370000,0.0
Ecuador,9525580000.0,1061200969.0,1559592169.0,6904786862.0,4475842910.0,ECU,"Charges for the use of intellectual property, payments (BoP, current US$)",BM.GSR.ROYL.CD,62000000,52000000,43857142.86,43073979.59,43455357.14,42857302.3,44243378.51,45289183.04,46993142.57,47457318.4,54051146.24,65761531.27,90468876.14,125980953.7,110557408,72456488.63,63080134.42,91245028.74,180748000,138706508,139640396,213981045,221056929.3,0.0
Lesotho,155000000.0,65649284.26,0.0,89350715.74,0.0,LSO,"Charges for the use of intellectual property, payments (BoP, current US$)",BM.GSR.ROYL.CD,1076130.009,928054.8242,804133.4719,1261064.506,1558861.801,1662736.423,11876.11655,11362.28426,1245117.167,358796.3594,4868525.98,5035068.784,4665404.779,4152930.194,3831336.079,3382152.318,2925902.536,3221922.241,3261023.8,2971708.74,2617982.934,2907128.376,2633666.951,0.0
Mauritania,146000000.0,0.0,0.0,146000000.0,0.01,MRT,"Charges for the use of intellectual property, payments (BoP, current US$)",BM.GSR.ROYL.CD,0.0,0.0,0.0,0.0,0.0,0.0,0.0,0.0,0.0,0.0,0.0,0.0,0.0,0.0,10693050.69,0.0,1061723.714,0.0,1048608.133,2131534.654,338541.8494,45999.88298,0.0,0.0
Nigeria,7942200000.0,1164590458.0,1122057011.0,5805552531.0,488189833.0,NGA,"Charges for the use of intellectual property, payments (BoP, current US$)",BM.GSR.ROYL.CD,0.0,0.0,0.0,49852057.33,0.0,67499686.15,84275550.26,172689266.9,190282818.9,208441257.4,223394625.4,213199660.3,250801226.7,258580139.7,252840000,252840000,252840000,252840000,252840000,252840000,252840000,252840000,252840000,0.0
Russian Federation,14451100000.0,3981746497.0,0.0,10469215928.0,-0.01,RUS,"Charges for the use of intellectual property, payments (BoP, current US$)",BM.GSR.ROYL.CD,68720000,342740000,337650000,700030000,1057980000,1532870000,1940750000,2703970000,4480510000,3987050000,4841800000,5830320000,7629280000,8370790000,8021370000,5633850000,4997360000,5979770000,6288170000,6866160000,6809070000,7022910000,4478230000,0.0
St. Vincent and the Grenadines,14642161.0,4943783.71,0.0,9698377.29,0.02,VCT,"Charges for the use of intellectual property, payments (BoP, current US$)",BM.GSR.ROYL.CD,544444.4444,507407.4074,315555.5556,314988.8889,365140.7407,425955.5556,532896.2963,912066.6667,2953840.37,3310923.333,3244542.963,3336221.481,3237292.593,3383282.222,3761884.433,3065919.2,3356214.685,2699259.85,2675928.645,2449615.222,2586870.683,2715936.675,0.0,0.0
Argentina,42466653000.0,4680850784.0,5289592137.0,33000224304.0,9498278955.0,ARG,"Charges for the use of intellectual property, payments (BoP, current US$)",BM.GSR.ROYL.CD,580337544.9,564137635.4,351280000,402950000,520630000,650640000,894824121.7,1174682410,1531726727,1526895361,1712212410,2079139111,2216992900,2329270062,2098996166,2178066124,2108388364,2350351645,2054243293,1688980859,1149104742,1397946196,1706885415,1.0
Australia,417730000.0,0.0,0.0,417730000.0,-0.02,AUS,"Charges for the use of intellectual property, payments (BoP, current US$)",BM.GSR.ROYL.CD,1160197303,1001186254,1184791216,1502670172,1743966466,1972287332,2151687683,2809284035,3012858777,2832316675,3423557729,4110573493,4165820497,3913990517,3973566695,3526073729,3331031239,3471857721,3674795660,3455233880,3585412721,3980422321,4049873949,1.0
Belarus,2196420000.0,460682915.9,69897.36,1742576324.0,998716485.2,BLR,"Charges for the use of intellectual property, payments (BoP, current US$)",BM.GSR.ROYL.CD,2700000,3800000,3200000,5500000,9100000,19500000,50500000,52500000,75200000,76000000,102700000,89200000,106800000,145100000,237300000,132700000,125700000,157100000,178700000,187200000,202400000,248656400,0.0,1.0
Belgium,76000000.0,0.0,0.0,76000000.0,0.0,BEL,"Charges for the use of intellectual property, payments (BoP, current US$)",BM.GSR.ROYL.CD,0.0,0.0,741532731.4,983530497.3,1038258097,1048948518,1077146472,1997290657,2023023359,1934877742,1905030685,2895143845,2822609814,3348514804,3404143477,3336208271,2759594691,3591804626,3809794821,3252753486,3221189018,3243962433,4475828563,1.0
Chile,4644107000.0,756105274.6,150036400.0,3858859325.0,150089600.0,CHL,"Charges for the use of intellectual property, payments (BoP, current US$)",BM.GSR.ROYL.CD,297470000,268598924,250600000,257124131.2,307300000,347500000,383708785.1,447500000,538619514.5,596536869.5,726289314.4,773559649.6,1072980132,1418818378,1614627539,1635419969,1730596607,1709057253,2034376888,1878506475,1511563046,1689634052,1324660664,1.0
Costa Rica,3747770500.0,374111679.1,878441639.6,2615217181.0,1564294104.0,CRI,"Charges for the use of intellectual property, payments (BoP, current US$)",BM.GSR.ROYL.CD,49833730,49021813.48,51154010,63871136,51358969,56875640,87482020,52944749.88,86390876.1,119400565.1,158855730.1,214778112,310560930.4,374402372.6,454698564.8,495827687.8,503368674.6,538240000,623646376.5,594092066.9,591453204,624290765.1,743019289.3,1.0
Croatia,5532659331.0,518288860.1,601091000.1,4286800746.0,1425355811.0,HRV,"Charges for the use of intellectual property, payments (BoP, current US$)",BM.GSR.ROYL.CD,60522820.75,62512938.92,77182623.86,130643616,145414969.5,192496176.9,174577804,213320601.2,258616774.4,212636457.4,224741363.1,262289982.5,307359863.6,281192019.4,275975835.6,267800175.3,269102708.7,307566945.9,311309985.5,328799390.4,312130451.1,376123554.8,387783909.8,1.0
Cyprus,418800000.0,94656258.01,0.0,324143742.0,-0.01,CYP,"Charges for the use of intellectual property, payments (BoP, current US$)",BM.GSR.ROYL.CD,20725917.49,20199182.88,14987397.98,38640483.76,53379644.47,44655062.13,60437219.98,55607286.92,70969541.64,0.0,0.0,0.0,127245097.5,0.0,0.0,0.0,0.0,232194731.6,0.0,259717577.7,300267056.8,359414467.5,243886540,1.0
Denmark,85000000.0,0.0,0.0,85000000.0,0.0,DNK,"Charges for the use of intellectual property, payments (BoP, current US$)",BM.GSR.ROYL.CD,0.0,0.0,0.0,0.0,0.0,887513470.9,948675334.3,885829978.1,1194906781,1379559872,1325847663,1412631900,1392512982,1735972102,1695330425,1530214735,1625778239,1488297357,1584730653,1528895648,1562906220,1714649845,1902986758,1.0
Estonia,150700000.0,19676222.12,0.01,125411712.3,0.0,EST,"Charges for the use of intellectual property, payments (BoP, current US$)",BM.GSR.ROYL.CD,7909800.996,11232525.44,14113255.15,0.0,0.0,0.0,0.0,0.0,49797157.79,45861418.97,60041345.41,74447963.38,61274606.29,49014653.79,61551392.44,43591116.46,51669819.03,62014803.52,66881559.96,63213681.88,56938618.96,78261754.95,64542862.55,1.0
Finland,316779464.4,14542428.74,0.0,302237035.7,0.0,FIN,"Charges for the use of intellectual property, payments (BoP, current US$)",BM.GSR.ROYL.CD,565058183.8,533700641.7,605924790.1,616276302.2,800565236.1,1122659918,0.0,0.0,2253386655,1477245036,1508665558,1576638925,1774389256,1917947814,1178587922,832316827.1,876927845,1022698642,1066485645,1000220941,1209456424,1110538038,1062799683,1.0
France,250000000.0,0.0,0.0,250000000.0,0.0,FRA,"Charges for the use of intellectual property, payments (BoP, current US$)",BM.GSR.ROYL.CD,4416719402,4095839453,4547619885,5154463499,5800016169,6182912479,7028743115,7672468333,10435073227,8387238481,10014878126,10545784932,8754182545,11054534501,12764952188,15660393096,14758389447,15849154072,14350603897,12396256258,12505733388,13127793210,12797988675,1.0
Georgia,2516800000.0,36943124.12,870984184.5,1583048416.0,1446645401.0,GEO,"Charges for the use of intellectual property, payments (BoP, current US$)",BM.GSR.ROYL.CD,7144248.79,6753653.31,10685440,10601494.04,5671521.36,5320755.08,5023551.11,4871460.38,8403513.81,8559176.97,7404609.48,7956804.44,7590401.93,13438271.71,19348328.75,6985876.37,19491612.75,24691784.03,27053208.22,40652755.9,54890643.85,61629499.6,0.0,1.0
Greece,490800000.0,118459339.8,0.0,372340660.2,0.0,GRC,"Charges for the use of intellectual property, payments (BoP, current US$)",BM.GSR.ROYL.CD,202864432.7,225068410.5,287639249.7,334838120,466062588.7,441508052.7,406104697.2,600153526,713441167.6,654722897.3,626946377.4,556622104.3,370769831,322272258.6,445973221.3,290739287.5,246662484,347582001.5,382963979.6,321456877.1,320133707.8,351027037,279990877.9,1.0
Hungary,5946880000.0,2381104063.0,0.01,3561137212.0,0.0,HUN,"Charges for the use of intellectual property, payments (BoP, current US$)",BM.GSR.ROYL.CD,258734878.2,269492894.8,416530257.1,463929314.8,1053803576,1107702919,1169130363,1752222005,2596029138,1981316302,1799363441,2034865903,1701009788,1966063664,1701540946,2006472537,1446684698,1597954988,1628927748,1701673073,1408457720,1661069518,1361684817,1.0
Iceland,47014000.0,0.0,0.0,47014000.0,0.04,ISL,"Charges for the use of intellectual property, payments (BoP, current US$)",BM.GSR.ROYL.CD,0.0,0.0,0.0,0.0,0.0,0.0,0.0,0.0,0.0,46763922.05,80111587.13,68399224.83,78598088.32,77949482.46,119197270.8,83750707.96,105225068.8,116324860.6,132737142.3,96747922.45,65792259.76,65200016.7,75438957.32,1.0
Ireland,152500000.0,2153546.65,0.0,150346453.4,0.0,IRL,"Charges for the use of intellectual property, payments (BoP, current US$)",BM.GSR.ROYL.CD,0.0,0.0,0.0,0.0,0.0,19214895717,22041813683,24012890154,35450512680,35043049664,37458289198,40850357076,38193322608,42172564892,57267745573,70703012434,76560417794,75297536577,85482296094,94262327695,96825073581,1.33014E+11,1.36911E+11,1.0
Israel,284500000.0,701448.93,0.0,283798551.1,0.01,ISR,"Charges for the use of intellectual property, payments (BoP, current US$)",BM.GSR.ROYL.CD,360600000,459600000,461800000,433400000,490700000,541900000,680900000,912800000,908300000,898600000,831500000,1068300000,1111700000,998000000,1135700000,1061600000,1202100000,1351600000,1381900000,1520200000,1669800000,2176500000,2689800000,1.0
Italy,399628000.0,1600000.0,0.0,398028000.0,-0.01,ITA,"Charges for the use of intellectual property, payments (BoP, current US$)",BM.GSR.ROYL.CD,2621860111,2868963292,3231625816,4315235434,4964976033,5517920061,6544011252,8008964321,7233846031,6142374753,6545120562,6609329693,5585999530,5387501410,5179740482,4320634262,4680064924,4783536892,5141287990,4952836478,4202673105,5061604128,5228958715,1.0
Japan,862900000.0,5858996.19,0.0,857041003.8,0.0,JPN,"Charges for the use of intellectual property, payments (BoP, current US$)",BM.GSR.ROYL.CD,11006793150,11098561971,11020739909,11003388852,13644338678,14653524495,15500422630,16677754114,18311541939,16834677241,18768647813,19172720512,19897558093,17831143180,20941598563,17033762146,20246369822,21381387584,21993730962,26774027971,28550217207,29653031448,27797728102,1.0
Latvia,984615000.0,71408458.64,0.0,887526526.1,0.0,LVA,"Charges for the use of intellectual property, payments (BoP, current US$)",BM.GSR.ROYL.CD,0.0,0.0,0.0,0.0,0.0,0.0,0.0,0.0,35304159.59,25205434.22,33039281.24,52872035.88,43691574,47866470.98,45149422.11,34415898.64,36455711.91,47688935.27,64586076.55,50330404.63,30999228.72,37741486.72,38768989.02,1.0
Luxembourg,12000000.0,238016.98,0.0,11761983.02,0.0,LUX,"Charges for the use of intellectual property, payments (BoP, current US$)",BM.GSR.ROYL.CD,121764571.8,243185706.2,33221912.69,37844886.83,80494962.54,71469847.14,84036581.13,306464038.2,423290760.1,307324041.7,188014603.6,246605712.6,870092007.3,1352508591,1702490629,1995626232,2975894330,4196126239,4374511455,5477592021,9071914970,9316183920,8815769720,1.0
Malaysia,4150620000.0,894720698.7,0.0,3255899301.0,0.02,MYS,"Charges for the use of intellectual property, payments (BoP, current US$)",BM.GSR.ROYL.CD,546052631.6,751315789.5,627894736.8,782000000,895618421.1,1369655659,954002498.6,1185193311,1267781217,1133119333,1318006092,1634190362,1543302849,1395327002,1423860804,1294968669,1347909837,1826846903,2006740927,2218697840,2388113285,2590243495,2552403481,1.0
Malta,7500000.0,1459920.43,0.0,6040079.57,0.0,MLT,"Charges for the use of intellectual property, payments (BoP, current US$)",BM.GSR.ROYL.CD,9848318.834,10193326.79,13226093.3,15225284.75,29232260.77,128255964.1,195165848.8,124958760.5,890095875.3,1614425761,1592818523,597234766.7,446179048.2,510754971.7,555400198.8,679181704.4,840302814.2,972076549.8,1027578219,1349712587,1562368036,1843921557,1752706801,1.0
Mauritius,842530000.0,131873527.8,0.02,719685767.5,118961899.5,MUS,"Charges for the use of intellectual property, payments (BoP, current US$)",BM.GSR.ROYL.CD,1185306.464,1384588.848,2280330.7,1696030.315,4265314.468,4716068.975,4422762.476,5998794.771,5853887.261,5185393.603,12068022.45,15201851.05,15522665.59,13487012.58,15456951.19,15754704.31,17580177.28,19759852.01,14200192.63,13404797.51,13497976.43,10815930.76,12079701.03,1.0
Montenegro,832443054.6,88503460.34,248370738.6,459675290.7,192843451.9,MNE,"Charges for the use of intellectual property, payments (BoP, current US$)",BM.GSR.ROYL.CD,0.0,0.0,0.0,0.0,0.0,0.0,0.0,9020036.678,11280173.15,11628956.45,8872927.094,2822505.369,3078425.553,4457701.997,5296924.612,3446391.283,6014925.279,5101165.478,6034347.464,5874126.789,3714630.964,4688291.289,6593835.704,1.0
Netherlands,244000000.0,7548015.28,0.0,236451984.7,0.0,NLD,"Charges for the use of intellectual property, payments (BoP, current US$)",BM.GSR.ROYL.CD,2504611233,2321477330,2614585211,3362406608,24246609485,25306730018,26990274216,32109653218,36253036932,34418549710,32819973389,36661869501,36136892529,37444374674,47319178096,72163826761,37624231190,42021672733,45150660652,40693815668,35986676897,17731073968,20235251745,1.0
New Zealand,126800000.0,25254120.91,0.0,101545879.1,0.0,NZL,"Charges for the use of intellectual property, payments (BoP, current US$)",BM.GSR.ROYL.CD,312843010.4,317121949.6,361820924.4,466307528.8,528700292.6,554120312.9,501079242.8,611066531.8,619758922.6,578826768,699871923,1010436678,973564426.1,982801999.8,942756515.2,837125959.2,867802528.5,921694042.5,913496669.7,937337789.4,835111263.2,1067663599,1084483870,1.0
Norway,145000000.0,0.0,0.0,145000000.0,0.0,NOR,"Charges for the use of intellectual property, payments (BoP, current US$)",BM.GSR.ROYL.CD,439207804.4,329060784.9,328603757.9,394454192.2,442165107.9,436873691.6,454367240.6,168936737.4,459851144,317624196.9,633879635.6,778782346.3,587756889.1,668151571.2,654166979.2,569367271.7,505448565.9,1381215431,738224369.9,614054872.7,739106285.4,553296342.4,546959607.8,1.0
Oman,157050000.0,14739777.51,0.0,142310222.5,0.0,OMN,"Charges for the use of intellectual property, payments (BoP, current US$)",BM.GSR.ROYL.CD,0.0,0.0,0.0,0.0,0.0,0.0,0.0,0.0,0.0,0.0,0.0,0.0,0.0,0.0,0.0,0.0,0.0,0.0,0.0,0.0,0.0,0.0,0.0,1.0
Panama,4178090000.0,443358836.5,272824107.3,3461907056.0,1667727359.0,PAN,"Charges for the use of intellectual property, payments (BoP, current US$)",BM.GSR.ROYL.CD,42400000,35800000,46700000,42400000,45500000,44600000,42600000,57200000,59400000,62500000,46300000,68700000,96900000,80900000,98700000,57000000,47000000,46300000,631064333.5,379622694.1,443279389.7,12037007.81,0.0,1.0
Poland,16450600000.0,1205598967.0,305553703.8,14943404714.0,6036895528.0,POL,"Charges for the use of intellectual property, payments (BoP, current US$)",BM.GSR.ROYL.CD,555000000,508000000,557000000,745000000,883000000,1036000000,1313000000,1575000000,1773000000,1542000000,2248000000,2407000000,2332000000,2693000000,2945000000,2431000000,2692000000,3167000000,3639000000,3734000000,3534000000,4134000000,4000000000,1.0
Portugal,1338800000.0,365155999.8,0.0,973628417.8,0.0,PRT,"Charges for the use of intellectual property, payments (BoP, current US$)",BM.GSR.ROYL.CD,275310387.4,250806170.3,314186788.4,307630213.7,361783080.2,349633378.2,408518949.9,479505309.5,534829333.6,562301734.1,595846046.6,600613719,505194156.6,517704267.3,660632627.8,700149438.1,813725640,892938043,883697896,887737502.5,879412474.9,886755617,0.0,1.0
Serbia,7560279508.0,1009740734.0,751568546.8,5598821220.0,2417000971.0,SRB,"Charges for the use of intellectual property, payments (BoP, current US$)",BM.GSR.ROYL.CD,0.0,0.0,0.0,0.0,0.0,0.0,0.0,143606535,194757507.5,143654258.5,156105712.5,183302673.6,174972017.3,221204084,224594091.7,180332274.4,199746134.6,239382868,289729929.3,304261638.8,348262113.7,503365928.2,639762283.9,1.0
Singapore,181300000.0,1946755.45,0.0,179353244.6,-0.02,SGP,"Charges for the use of intellectual property, payments (BoP, current US$)",BM.GSR.ROYL.CD,5099296389,4937985653,4948261884,6775980331,8054414739,9494666989,9765545020,9810419779,13604164838,13438021506,17029305529,20346152652,23105585202,22992008311,20877550215,19400287309,15666647584,15810634176,17249096447,15161436539,14882786029,16325100175,15806794004,1.0
Slovenia,371845701.1,66852188.75,0.0,299278073.7,0.0,SVN,"Charges for the use of intellectual property, payments (BoP, current US$)",BM.GSR.ROYL.CD,49500000,60400000,78400000,89600000,123300000,113000000,153685414.4,168773215.5,254656317.1,289021239.9,344190440.6,381272095,356983239.1,253036284.5,241837673.5,221412274.4,224388233.9,247300894.7,271288627.7,256638367.5,251963420.2,300200854,282803204.9,1.0
Spain,478700000.0,62396194.65,0.0,416303805.4,0.03,ESP,"Charges for the use of intellectual property, payments (BoP, current US$)",BM.GSR.ROYL.CD,0.0,0.0,0.0,0.0,0.0,0.0,0.0,0.0,0.0,0.0,0.0,0.0,0.0,4514279640,4474717118,4520612371,4987966185,5065245409,6644636046,6838705335,5122068572,5917230506,5804753906,1.0
Thailand,9453140000.0,1301035953.0,0.0,8151817580.0,583000000.0,THA,"Charges for the use of intellectual property, payments (BoP, current US$)",BM.GSR.ROYL.CD,709870581.5,823264729.7,1103909310,1267697585,1583825523,1676210000,2046760000,2288640000,2567130000,2247540000,3080540000,3121260000,3609708798,4593395979,3970840948,4121492145,3979483476,4280771967,5274352965,5311900978,4503700128,5581121900,5502374614,1.0
Trinidad and Tobago,353600000.0,45778820.54,7864150.03,299957029.4,12135849.98,TTO,"Charges for the use of intellectual property, payments (BoP, current US$)",BM.GSR.ROYL.CD,0.0,0.0,0.0,0.0,0.0,0.0,0.0,0.0,0.0,0.0,0.0,60143858.87,54084973.45,60809869.37,70160562.62,75381069.46,53970155.79,54190080.6,69012595.73,49016604.54,36904008.85,49041000.61,0.0,1.0
Uruguay,4904860000.0,792990745.6,61051257.91,4141870733.0,1325765395.0,URY,"Charges for the use of intellectual property, payments (BoP, current US$)",BM.GSR.ROYL.CD,6476000,9766440.68,6757023.588,14027245.51,4314747.742,6908775.936,7287106.777,7633470.999,16625936.39,21950555.73,26557142.4,33571028.5,87053683.55,113538506.1,137250587.4,102899213.6,113353942.6,122680491.6,189310267.1,182878101.3,125883223.5,158551631.6,183343946.4,1.0
Kazakhstan,9086012440.0,2058317045.0,455447923.8,7514959251.0,3457980096.0,KAZ,"Charges for the use of intellectual property, payments (BoP, current US$)",BM.GSR.ROYL.CD,11762250,13633443,19912050,19631955,25710836,30903834,48439128,67989400,86660560,65089100,85536930,94623340,152394296,147894953.5,93680130,149088505,126873670,117050999.3,167710230,141641590,146488695,231453628.1,300714670.6,1.0
Lithuania,490790000.0,94745349.13,-0.01,404108184.1,0.0,LTU,"Charges for the use of intellectual property, payments (BoP, current US$)",BM.GSR.ROYL.CD,12270000,10175000,11482984.44,18106868.18,18022666.36,20618017.78,24410670.02,21619427.83,34497330.74,29088375.14,34801068.02,34300086.11,38179826.62,51742886.95,47451213.57,48349772.01,66926847.32,67754950.86,61738440.48,72719073.99,77947223.91,172930885.4,509225246.3,1.0
Romania,17003550000.0,1035406997.0,2319294909.0,13499585020.0,4568877609.0,ROU,"Charges for the use of intellectual property, payments (BoP, current US$)",BM.GSR.ROYL.CD,45000000,60000000,85000000,80000000,108000000,173274997.6,235424080.6,247969547.9,345932437.5,367264725,445022001.1,482416189.5,452525195.7,879803422.6,901296183,834447967.1,832020078,911037524.1,962384646.5,936735170.4,886842442.5,1041336733,953960511.6,1.0
Austria,106336428.6,1476346.0,0.0,104860082.6,0.01,AUT,"Charges for the use of intellectual property, payments (BoP, current US$)",BM.GSR.ROYL.CD,0.0,0.0,0.0,0.0,0.0,1333226508,1597968244,1800773476,2092660688,1712417782,1610873768,1864971068,1955209022,1754327695,1777037546,1459761886,1466531271,1663374078,1860498012,2101791072,1635897814,1815605454,0.0,1.0
